label,text
1.0,&#8220;@_BeautifulKeezy: &#8220;@100046729: @_BeautifulKeezy wassup&#8221;bye&#8221;bitch you outta order
1.0,@CallMeDaishaa ghetto ass Pocahontas .
0.0,RT @KingDrayn: @rosebeforehoes2 don't forget we gotta take out trash and need milk...and spermicidal lube
0.0,I want a four loco right now so I can chug it and go straight to sleep.
1.0,@Evan_White4 @jeremy_hemsley really that's why we got side hoes &#128526;
1.0,"""If you love her then hide yo bitch so you'll keep shorty.""
@wizkhalifa"
0.0,There's a green bowl high. A spliff high. A j high. A blunt high. A moke high. And a Moke + coffee high.
1.0,"""@Latrobemark: You love these hoes more then money wats wrong these niggas"""
0.0,Sources say that Charlie Crist is on the phone with Rick Scott as I type this to concede.
1.0,@_____0__o______ faggot
1.0,@Giannaamarieeee first off who you calling a hoe ? Don't make me go sharkeisha ok you boo boo
0.0,RT @elleeebeee: flappy bird make me just smash my phone into my face
0.0,I just whipped up these #homemade #pickled #eggs while home being a cripple... Made with #garlic&#8230; http://t.co/0xKFnW3luF
0.0,Fairy tale world lmao
0.0,"Molly and Ellie need the teas, so #CafeShaw bound I go. Everyone else is off to Amsterdam I couldn't get time off so hey ho 8-)"
0.0,"RT @ManiChakr: @ArvindKejriwal itni bahaduri!!! interviews mein to hamesha marne ko tayyar rehte ho, got scared of crackers? LOL http://t.c&#8230;"
0.0,"RT @AishaMoodMills: Fox News mocks victim of Ray Rice elevator assault: &#8216;I think the message is, take the stairs&#8217; http://t.co/6TKLgUP2Wh ht&#8230;"
1.0,"4 old hoes, a ponk, and a dyke outchea having ""girl talk"""
0.0,@BNightengale @FeinsandNYDN Time for Ranger scouts to head out and watch some Yankee prospects. #rangers
1.0,&#8220;@lilduval: Is it me or does Kim kardashian ain't looking as good no more&#8221;still look better then these so called bad bitches
0.0,"@KellenDaniel along with the French blue and Buggs bunny VIIs, and the Oreo IVs. @LaJethroJenkins"
1.0,@BakariT bitch what?
0.0,The jigg is up
0.0,RT @CuteOverloads: baby monkey in the snow im crying &#128557;&#128018;&#10052; http://t.co/gMk5dbjaJQ
0.0,"@NYRKelsMads @popup82 Its Perfection. My brain crossed wires or something, I dont know why I came up with Concentration,maybe the ghetto one"
0.0,RT @Hokuboku: I like how I found out that you can now edit Facebook comments through a trending topic on Twitter. You think I'd hear abo ...
0.0,"RT @Dceni33: Not the ""farewell tour's"" fault everyone but three players underachieved for the Yankees this year."
0.0,RT @Kstar__: Told you RT @Astronaut_Tone: Artprize is more than trash
1.0,"""@_prettyflvck0: Me And Paul Thinkin Bout Gettin Rentals For Da Weekend &#128665;&#128168;&#128168;""oooh shit bitches betta stay out da streets"
0.0,"Nicholas Rushlow, wearing lucky yellow shirt, nails ""theophylline"" - ""bitter crystalline compound extracted from tea leaves"" #spellingbee"
1.0,"""@TheGamerKingKev: I wonder if the girl that gave head to 24 boys for a drink in magaluf has twitter"" she probly sends nudes for fags"
1.0,@DaDamnBone &#128514;&#128514; I'm Finna DM you the pic Bruh these hoes funny
1.0,"""@michelle_westt: Facts ""@POONsoaker: Only the dudes with hoes say they don't got hoes&#8221;"" @J_Austin12"
0.0,RT @BirdGang316: If you a bird throw it up #birdgang #EaglesNation
1.0,Niggas deserve better bitches
0.0,@schola_gomes oh I'll make you some brownies alright;)))
0.0,"Rev. Charlie Rangel: What Unions Stand For Are &#8220;Spiritual Damn Things&#8221;&#8230; LIKE INFLATABLE RATS. 

 http://t.co/2nmrLDvIgB"
1.0,@JewelsAndDrugs9 @ladygaga @madonna lmao madonnas music sucks? yeah you're fucking stupid if you think gaga is better. retard
0.0,Miami's run defense is Alex Smith trash.
1.0,#bslfe in this bitch #PullUp 40st and Washington space A-80 http://t.co/H2HV64h9wh
1.0,@Benny_Balboa not to yall thou! Yalll fucking glad bag trash
0.0,RT @AyeYoitsDupree: Rape is NEVER something to mock like this. I stand with Jada #jadapose http://t.co/uEbuOBwTbg
1.0,&#8220;@TheRealTenski: Miss you @Ex&#8221; pussy
1.0,"Playing to white guilt lasted one last time, whitey felt 'absolved', it ends today. It ends in the fields/suburbs of Pennsylvania."
0.0,"Surprise, surprise! TSA trashes Brandon Darby's Border Patrol sources http://t.co/EtDKzFrRzK"
0.0,Sorry all my fellow negros
1.0,&#8220;@thepizzafacts: Cute text: ey bitch come over for some pizza&#8221;@KellieNehls
1.0,Liberty and justice for all RT @ThatAngryNigga Go get me a sandwich nigger or I'll kill you
1.0,@GrizzboAdams @wyattnuckels fuck you bruh you didn't show up fucking pussy
1.0,""" @rhythmixx_ :hobbies include: fighting Mariam""

bitch"
1.0,"&#8220;@SheTwirlsMyKan3: I say bitch bad, woman good, lady better&#8221; Lupe?"
1.0,"@CarelessOne92 weeknd make muzik for the hoes b, im tryna meet these women he be talkin bout"
0.0,@ariennajanee its mutual my lil yellow bone&#127827;
1.0,&#8220;@SoTribe_Kasey: I surrounded my bad bitches I can't keep them out my face&#8221;&#128064;&#128064; #WhereTheyAtDoe &#128514;
1.0,RT @BALTsneakerShow: Water is wet. RT @202SOLE: Nike DC is trash.
1.0,"&#8220;@sammyk1429: ""I am not a bitch, I am the bitch. So that is Ms. Bitch to you!"" &#128540;&#8221;"
1.0,#nowplaying witcha bitch pussy pussy inda hood ona sofa.wit plastic on it
0.0,RT @virleehol: @cbinflux Well we sure as heck know how to read. I'm reading the trash right now and almost everything I've heard on the web&#8230;
1.0,"""@XoXo__Angiee: Bruno fag boy"" you love me."
0.0,Flights from Liberia should just be rerouted to Ferguson.. 2 birds 1 stone.
0.0,"Sometimes, even I gotta tell these hoes to grow up smh"
1.0,@EricWithAHotDad bitch I work 24 hours a day to protect your freedom fuck you #AlwaysOnWatch #GlobalForceForGood
0.0,@ItsKiaraaaa looks like you took a red marker and colored on your leg
1.0,"@CarelessOne92 weeknd dont save hoes b, idunno bout Drake"
1.0,"&#8220;@HighClassCapri: Ima show my ass tonight, I can feel it &#128586;&#8221;omgggg I was thinking the same shit bitch&#128553;&#128553;"
0.0,Real talk not being byes or nothin! The whole NFC south glad bag trash this year none of the teams have a chance making it to the playoffs!
0.0,RT @charcharkuhlman: First day of spring break: ate half a pan of brownies &amp; watched 6 episodes of Parks and Rec with @victoriakuhlman &amp; @E&#8230;
0.0,"RT @robertbevan77: It's like The Walking Dead, but with less Carl and more talking birds. ZOMBIE ATTACK!!! http://t.co/UOCsPyksSC http://t.&#8230;"
0.0,One mans trash is another mans treasure #believe
0.0,@DeJLoaf mixtape sell sole got some bangers!
0.0,DRUGS&gt; Is why #Giants are losing. Just ask #barrybonds and the HEDGE BET FUND&gt; #WorldSeriesGame6 #faggots
0.0,GA Charlie @Charlie4927 @StacyDmomof5 @RevkahJC @PattiSM74 @cantUCIMblonde @Kacado
0.0,"RT @sweetromance: @1visionamd @Redeemed1952 @AZWS Once again, birds of a feather...."
1.0,"@JHannahhh oh you mean Noah zimmerman's cute ass &#128525;. I mean he should, he talks to his hoes all day everyday . &amp; his girl Courtney &#128514;&#128564; sooo"
0.0,"RT @SportsCenter: Peyton Manning's remarkable season:
&#8226; 5,477 Pass yds (NFL record)
&#8226; 55 Pass TD (NFL record)
&#8226; 450 completions
&#8226; likely ho&#8230;"
0.0,@BolandDrummer I have never once in my life been to a 'coffee shop' like Starbucks. I am a hick though.
0.0,I don't blame Crash for not sharing with you @geoffsheen760 you'll probably talk trash about it like you do food trucks #GeoffHatesPuppies
1.0,&#8220;@BlizzyLC: Police just tried to Rodney King a nigga...&#8221;happen to my nig out here
1.0,&#8220;@nhalegood: When hoes feel like their photo didnt get enough favorites http://t.co/ZDf98BpF94&#8221;
1.0,@jayswaggkillah Is a fag
0.0,"A light, tender yellow butter cake with a classic boiled icing, traditionally made from burnt sugar http://t.co/XPQKTlTNkH"
0.0,Stop rt'ing Celtics trash please
0.0,RT @AndrewLuck23: Charlie Crist says OCare has been great? #ccot #tcot #teaparty #PJNET #Independents @jjauthor @BettinaVLA @FLGovScott htt&#8230;
1.0,&#128514;&#128514;&#128514;RT @LiViBADD88: cheap hair.. cheap dresses.. cheap shoes.. tacky ass little bitches
0.0,RT @USAgov: Our national bird - the American bald eagle - is an endangered species success story. http://t.co/OJscNNMYEm
1.0,"&#8220;@dlogue22: Asians have short beds, my feet are hanging off the edge of the bed &#128514;&#8221; cuddle me bitch I'm right beside you"
0.0,RT @michael28754837: Come On Yankees Lets Keep This Game Going!!! We Must Win!!!!&#9918;&#65039;&#9918;&#65039;&#9918;&#65039;
0.0,RT @BrosConfessions: Charlie Sheen is a legend #ForTheBros http://t.co/nbYjumIkQA
1.0,&#8220;@ThaRealLilWang: Ur ex girlfriend is a slut&#8221; fr f dat hoe
1.0,"""@SheWentToJordan: Can't worry about a bitch that ain't worried bout me"" #real"
0.0,I rescued a baby bird &#128035; http://t.co/Ad7yy4CuQt
0.0,"RT @DonnieWahlberg: Happy #BLUBLOODS Friday! 

Off to @CBSNews to sit down with the gang on CBS This Morning!

Join us in the 8 o'clock ho&#8230;"
0.0,Cleveland is the best team for manziel honestly the OC can use the offense he had with the redskins &amp; the browns D is nice wit a def HC
0.0,RT @ErikaWCVB: @marthacoakley called Charlie Baker to concede around 8:15 this morning. She plans to address supporters at 11am. #wcvb
0.0,"When people really think I'm Asian I get offended,
Even though I make fun of my gook self"
1.0,@georgiathenewsa @Rosaalbae your tits may be better looking but her face makes you like a Asian or Latina tranny #facts
0.0,"RT @AntiJokeJamal: If you honk your horn .4 seconds after the light turns green, I will shut off my car, lay on the hood, and feed birds fo&#8230;"
1.0,@AceAlford_23 double up on this game bitch
0.0,Just cleaned my fingernails with a knife. #hillbilly @shanemoses625
1.0,@Hillgasm bitch need crutches
1.0,@Justin_Baez shut the fuck up faggot ass Knicks cock sucker your opinion is irrelevant fag
1.0,&#8220;@lifeof_brandon: @100046729 we'll be together&#128521;&#8221;yu gt a job hoe.
0.0,&#8220;@iSignMyOwnBoobs thats my fav part on Take Care&#8221;whole album trash
0.0,.@harmonica_b could be wearing a trash bag and she'd still be the stylish and coolest human I know
1.0,Fucking redneck queers and their game invites
0.0,"RT @1goodlookingman: Bees won, Mets won, and the Yankees lost. It's a good day in baseball."
0.0,I wanna go to a trash talk concert
0.0,RT @KarenRFM: No-TV-During-the-Week #parenting rule has thrown quite a monkey wrench into #RooseveltsPBS viewing schedule. #DVRtime @wcve #&#8230;
1.0,@JawShoeeAhhh lmao you're a bitch boy
0.0,"@kboydee like some of the ""worst"" lyrics they post are beautiful but just because they don't know what they're talking about, it's ""trash"""
0.0,@GregHillWAAF New show:Thursdays with Jinxy broadcast from the moon it's made of chunky blue cheese you know
1.0,@Jontel_20 &#128557; pussy
1.0,Johnny Rebel - Quit your bitchin' nigger!: http://t.co/uCGhrY7zGe
0.0,@THEHermanCain @redskins I'm not a liberal &amp; I support changing the name. It transcends standard political grandstanding.
0.0,"#rejectedpeanutsspecials Its The Grape Crackhead, Charlie Brown!"
1.0,"@MyNameShouldBe only one problem theres a ""no pussies allowed"" sorry @kerrythekilla..."
0.0,There's a bird nest in my garage and so now when the birds fly out they poop on my car. &#128529;
0.0,"Despite the zebra red rocket special, portland beats those jersey shore floppers."
0.0,@imjoshdean That's hoser eh to you. http://t.co/QuLrtOWmLB
0.0,RT @babiesdressup: What a silly little monkey &#128584; http://t.co/DMKLK4k147
1.0,"#PeopleToAvoid
Valerie Jarrett, so I control my reflex to bitch slap her."
1.0,""" &amp; you might not get ya bitch back &amp; thats that """
0.0,Tattoos are about expression not meaning. One mans trash is another mans treasure &#128161;&#128176;
0.0,@ConanOBrien dat is one ugly animal but da monkey is adorable.
1.0,Naw RT @BakeGriffin Am I the only one mad that ESPN gonna be talking about faggot ass Penn State all week?
1.0,"""Lmao @SWILLA_LO: The d.rose adidas are lighter than my phone .... Shit is retarded"""
1.0,@GlitteredInPink hoe don't tweet me
0.0,"RT @SimplyPerfectt_: Girls, don't let a guy treat you like a yellow starburst. You are a pink starburst."
0.0,RT @pambesteder: **WOW* according to this tweet by @Tarascan68 Obama must have been an Uncle Tom? http://t.co/Klcsgy9JPW
1.0,"#AZmonsoon lot of rain, too bad it wasn't enough to wash away the teabagger racist white trash in the state. #Tcot #teaparty #azflooding"
1.0,Ankles &#128128;&#128514;&#8220;@Saina_faal: &#8220;@martian_Mulah: Hood bitches with long weave is the worst thing ever&#8221; weave that be touching their ashy ankles &#128567;&#8221;
0.0,RT @michellemalkin: In which I refresh dhimmi Seattle mayor Ed Murray's poor memory of city's long history as a jihadi breeding ground==&gt; h&#8230;
1.0,&#8220;@alicia_688: He did go in i was actually surprised he when that hard RT @Vice504fly: N the crib listen 2 my nig G-Eazy&#8221;don't diss my homie
1.0,&#128563; RT @UBoyRock17: &#128557;&#128557;&#128557; these hoes selfish
1.0,@KEIRRANicolee I didn't know you was following me hoe &#128514;
1.0,"""I'm gonna piss on your dimple @SoNi99a_: Stop wasting prayers on trash teams lol"""
0.0,"RT @InNewZealand: The Knicks are still trash, Melo signed for the money he don't even care about being on a good winning team."
1.0,"""@Ferocious_Ghost: @1stName_Bravo Aw."" ...fag, don't tweet ""aw"" to me lol"
0.0,"RT @TwangNation: On this day , February 13, in 2002 Waylon Jennings left us for that honky-tonk in the sky - Dreaming My Dreams - ht ..."
1.0,"@GingerDemoness @jcapswgr 
All dem colored boys be sayin I dare baby daddy. I gots to protect my semen under da lock and key. And I wrap 2x"
1.0,@HTTRdcRising fuck your redskins bitch!
1.0,@FrankieJGrande ugly white bitch
0.0,John McCain trashes Jay Carny live on CNN - #Syria #ISIS #Obama http://t.co/ZT690BkTrI
1.0,"Flaming faggots that publicly state how they want everything handed to them... Like fuck you dude, get off your bottom ass and do something"
1.0,@Dre_Day200 nig nog
0.0,"@AngryWillHelms Genius, the politically correct term would be ""intellectually disabled."" It's highly offensive to use the word retarded."
1.0,"&#128114;&#128069;&#128166;&#128149; - &#128514;&#128557; omg just thinccin of you makes me laugh, we use to STAY talking shit in 3rd period, you cute, &amp; you my bitch &#9994;&#128514;&#128557;"
1.0,#truefriendtuesday my bitch @drrrruuuu http://t.co/7dSZ3vCySz
0.0,"@edwards_cait ghetto, driving a nice car, and not having to pay a lot for rent. I drive a Lexus, and pay little rent. Just saying."
0.0,@team_Darrion night jigaboo http://t.co/vxKCG4yGXF
1.0,@OfficialSkaiS kill yourself ugly ass monkey looking shit
0.0,"Lmao the shovel video is pretty awesome, she went down like a ton of bricks lol. Gotta love honky riff raff savages. That is all."
1.0,&#9996;&#65039; out bitch I'm winning &#128526; http://t.co/k3l15zoBGz
1.0,&#8220;@badnradbrad: @whattheflocka @MorbidMermaid sydneys my favorite&#8221; she's a nigger but I love her
0.0,RT @Yankees: The @EmpireStateBldg shines its lights in #Yankees pinstripes in honor of Derek Jeter. #FarewellCaptain http://t.co/3fp2pg85MB
1.0,&#8220;@scoop82294: If you don't have your read receipts on you a bitch&#8221; the bitchyest bitch ever
1.0,"&#128079; congrats you've turned a hoe into a housewife, don't get shitty when your guys start singing they hit it first. #ButThatsNoneOfMyBusiness"
0.0,People with trash cars LOVE to drive fast and reckless
0.0,Charlie Daniels Goes Off on &#8216;Satanic Evil&#8217; http://t.co/3haWjFavUz
1.0,&#8220;@JLewyville: I should be the Global Ambassador of SOMETHING!!! I put ppl on&#8221; des nuts hoe ahh nigga
0.0,"""@El_Grillo1: Pit Bulls Photographed As Lovely Fairy Tale Creatures http://t.co/Q0Sm89oOLh&#8221;

They *are* fairy tale creatures."
0.0,Smuggled letter by Gaza tunnel digger details suffering under Hamas rule http://t.co/jusiee1yhK via @TheMuslimIssue
1.0,""" her pussy lips like Heaven doors "" &#128524;"
1.0,@CheyenneDoan cause hes a faggot
0.0,Good pick birds
1.0,@AGreasyMonkey @Huntermoore faggot
1.0,@CapoDaAssHole @Alejandro_Bihhh lmaooo niggas ain't but hoes is I think I'm winning
1.0,@IHOP you fucking pussy
0.0,@AustinthaIntern Johnny football is trash man. Trash. Lol.
1.0,"I feel sorry for mexican and Asian niggas, they got the worse shaped bitches on earth."
0.0,Jihadi propaganda ploy:US had Gulf countries publish pics of their pilots 2 deflect Sunnis anger from itself &amp; iran http://t.co/pFxYby2c15
0.0,RT @davidalderman77: Obama killed the Twinkie #gonetofar
1.0,"""@molssyo: Lifes a bitch, and then you die 
Thats why we get high, cause you neva know when you're gonna go"" my sister is perfect (:"
0.0,@beth4158 no steak here either. No hurry on brownies. Just that picture u posted made me all but drool on my phone. :)
1.0,@el_prietito @lovexlilyy Them jigaboos aka homewreckers needs to get blocked!
0.0,"@TheRyanAdams word, bird"
0.0,"RT @JareerKassis: Charlie Rose: Can you coexist with Israel? Meshal: *Not* as occupiers. After that, national consensus will decide, not Ha&#8230;"
1.0,@jmellor432 fag
0.0,"I LOVE my 10 &amp; 5 but most days they remind me why birth control is important later in life.

I miss my ""baby bird""! Come home, 18!
@somehoee"
1.0,100 mile dead zone radius around Philly...gotta go to NY or DC RT @CeeRoss The tri state needs better bitches
0.0,I luh to lick the middle like an Oreo
1.0,"@PatDollard Fuckin muzzie cunts, should all be deported, savages"
0.0,"Re: Alexander Skarsgard, my roommate has declared: ""He's a sexy albino lizard. i dont know how that's sexy, but it kinda is."""
0.0,R-Surge For Charlie Baker-R of 9 points in Demo-State Mass against Coakley-D! DoG http://t.co/UOVtVG5nnM via @BostonGlobe
1.0,@skrabah Don't my nigga me honkie
0.0,He's a pretty damn good actor. But as a gay man it's awesome to see an openly queer actor given the lead role for a major superhero film.
0.0,Stephan A Smith saying Jay Cutlers shouldn't be a MVP candidate is just straight up retarded
1.0,""" Murda Gang bitch its Gang Land """
0.0,This is why nothing gets done. Morons like Coburn trying 2 ad a gun amendment 2 a public works bill. Push back on the #teabagger #morningjoe
0.0,"RT @bspence5: @Morning_Joe #msnbc new census questions=tempest in teapot,ACA stays,costs down,7.5mil+getting covered is a success story to &#8230;"
0.0,"@LandRoverUSA Our ""Disco"" we used for disaster recovery was an awesome brownie points to how well built they are. Most extreme conditions!"
0.0,They took it there bro you know I'm civil. RT @lilmissStoney: @VikkiNoSecrets wait a minute! Lol. Don't get ghetto V!
1.0,"#RebelScience ......is using an ACTUAL WOMAN as a genetic engineering lab for ""all natural clones""..... or something...... #faggot #rome"
1.0,&#8220;@zekedafreekk: Queen Latifah the only dyke id contemplate fucking.. Rns&#8221;wait...
0.0,WH: Obama won&#8217;t name Holder&#8217;s replacement until you rubes have already cast your midterm ballots - Hot Air http://t.co/Yf1o8h99Uz
0.0,@IAMQUEENLATIFAH @plated letz getup deep dish vocal mix Nagasaki Hiroshima yellow asian flu ^n emoto ill egg god? http://t.co/CH0XfVEKz9
1.0,#NL Q.U.E.E.N. And reminded: I still don't get why Janelle Monae is so perplexed that people think she's queer...
0.0,"RT @SMACKHighAZ: ""Seton Catholic where their own students talk trash about how low of a division there football team is in."""
0.0,@KristynEdwards why were there penguins and a bird in the puppy bowl???
0.0,"RT @ReginaPucket: http://t.co/6nqmor8ybC BREAKING DAWN/ I often think about what used to be and was
With rose-colored glasses and a gentle &#8230;"
0.0,Muzzled pit bull with throat slit found on side of road in PA http://t.co/fis8QNvlXu via @examinercom HIDEOUS ABUSE THROAT SLIT LEFT TO DIE
0.0,Charlie and Ron has constantly put out heat for their entire careers
0.0,@contrarian11 @YouTube yeah. great song. just watching the MSG concert of 1990 Yankee Stadium gig.
0.0,"@Danny_Cavanagh....available online soon? I didn't have enough to get it after my Anathema merch. It's a cracker, I need it. Can u....."
1.0,&#8220;@LoveLifeEst13: @__seriousLEE i aint gone lie &amp; old heads say they see it in me so i figured&#8221; nah you just retarded
0.0,"RT @hollyrpeete: #FarewellCaptain ""@espn: What a way for Derek Jeter to close his Yankee Stadium career."""
0.0,@ColeMcDowell2 Waco is ghetto hahaha. Wait til we go pick up nat in Austin tomorrow
1.0,1st game of Fall 7s.. finna kill some hoes
0.0,"""@socass_: Dude remember this wop video? @00sexilexi00 http://t.co/P3HEuBOQBu"" OMG WHERE DID YOU FIND THAT"
1.0,"&#8220;@m_stew4: @what_evaittakes lol the bitch not responding,&#8221;lol it's cool imma get one I jus trusted that more"
0.0,@Notsosweetpea I like brownies &#128546;
1.0,"#porn,#android,#iphone,#ipad,#sex,#xxx, | #Lingerie | Bitch in lingerie getting her wet cunt pounded http://t.co/Jp4r2vPyCb"
0.0,@dreadywhiteboy @JwanUrebay then the kid he sold it to brought it back to him cooked in a brownie
1.0,&amp; this bitch ask me why my jeans sag cuz they tryna hold my bandz up &#128176;
0.0,@Cee_Murda94 yellow fin
1.0,@Kellinquinn please acknowledge my existence you amazing son of a bitch
0.0,@Blackman38Tide bandana Orian. They called me trailer trash for wearing my lil country getup &#128545;
0.0,Money hungry hoes they can never get a crumb
1.0,I hate the white trash cops who raped and murdered my infant daughters and son.
1.0,@BraveConWarrior She is a bitch ! This mess is all BO's fault! ALL OF IT!
0.0,"Welcome to the family, Mia Meli! #new #puppy #adorable #cute #fluffy #mutt #mybaby #girl http://t.co/a27C1XueZP"
1.0,@D_41395 @Inwardforfun you a bitch Dennis
0.0,RT @ActuallyAmDolan: wen u look liek trash n sum1 complimentz u http://t.co/5AgYHBTFXh
1.0,@FabianMleal bitch lol
1.0,@BraxCity29 @maria_obregon_g @sophia_freeman1 3/4 of a citizen. I said it for you maria you spic
0.0,RT @TDOT_Italians: Sharing food with your mangia cake friends because they love your food #ItalianProblems
1.0,&#8220;@koleworld4: my name is stefanie ... &#128075;&#128075;&#128075;&#128075; stefanie&#128514;&#128540;&#8221;fuck u hoe &#128553;&#128530;&#128514;
0.0,RT @foodbibIe: Oreo Cheesecake Bars http://t.co/RT27crIqZj
0.0,@d6_9b idk... It's trash though!
0.0,"Dude was talmbout ""I don't know why everyone hates Nickelback!"" Because they're trash, that's why."
1.0,"""Takin it straight to dirt, why finger the pussy when I know I can put my dick in it?"" @xErnee18"
0.0,The family of Ron O'Neal needs to sue Wu-Tang for that trash song they released in his name.
0.0,@Decimate_IX Can't even spell right. You have the brain of an ape
1.0,&#8220;@surfboard101: @Vomitdatruth I'm outside your house #comeout&#8221; this bitch
1.0,&#8220;@BeautiifulVixen: Bitches love throwing that irrelevant shade &#9995;&#128553; go sit lil bitch .&#8221;&#128175;&#128175;&#128175;
1.0,My managers a stupid cunt yes I said it
1.0,"""If you're a bad bitch put your hands up high"" 
Every girl in the room starts waving there hands around."
0.0,"Jamaica populated with island hillbillies. Even linguistics are kind of the same, if you sub the accent. Olde English derivatives."
1.0,"""but pussy is the root of all drama an attribute put up in they head by they mama."""
1.0,@Issa_GOLD u think that dream has anything to do with those two dumb bitches in San Diego lol
1.0,"""These hoes keep callin but I ain't pickin up""&#127926;&#127926;"
0.0,Madea and this old hillbilly are hilarious together.
0.0,!!! RT @mayasolovely: As a woman you shouldn't complain about cleaning up your house. &amp; as a man you should always take the trash out...
0.0,I'm not from the ghetto.
1.0,@1SonofYahweh and he whips mommy with the belt. They have not arrested this black womans real nigger yet. She got what she wanted... death!
0.0,"Whenever I see a pic captioned
""Soft ghetto"" I log off for 25 minutes"
1.0,@JustKarahn yes u hoe
1.0,"""She gotta shape up her pussy lips tho @PostPrettyPussy: Whole wheat organic pussy http://t.co/kq0R0A7z2g"""
0.0,"Charlie Crist and Rick Scott are both scumbags, however interesting that Crist has yet to run one, just one, positive political ad."
1.0,"""@BaylaaGottaBody: &#128514;&#128514;&#128514;&#128514; I ain't shit ."" Damn Skippy lol"
0.0,RT @NickSwagyPYoung: Happy Halloween from Rick James (aka Swaggy) and Charlie Murphy ( @bigmeat2000 ) haha darkness everybody http://t.co/y&#8230;
1.0,@samzbikowski some negro amigo pulled a gun on Nate and I a few weeks ago. I was STOKED!&#128299;&#128299;&#128299;
0.0,RT @SeQuoia_Gabris: &#8220;@UeonoYungJumbo: @SeQuoia_Gabris yeah hoe!&#8221; But the babies are innocent lol so Gabriella still got her sister a birthd&#8230;
1.0,"&#8220;@TheFatAmy: Uh excuse me bitch, you don't need to shout.&#8221; @LauraSimpson19 @jdjohnson7"
0.0,@kathleen_herne Stink should shut his hole &amp; just perform his tricks like a good trained monkey
0.0,@aj2amazing Obispo ho. We'll do it big
1.0,"' Indiana niggah you can tell from ma muhhfuckin grammar , I swear I got 3 hoes with me just like I'm Santa &#1041204;&#1043359; ."
1.0,"No. Its wrong to try to change #faggots&gt; There is no ""therapy"" so #tcot should understand and sympathize like they are #retards&gt;"
0.0,@TOBINSUPREME so trash
1.0,@RepGutierrez You are full of it! These so called children are not children. They are illegal border jumpers MS!# gang members.
1.0,"37- no, i dont like hoes"
0.0,"@icpchad @UnseeingEyes ......monkey look, just like you!"
1.0,' That one niggah that grab the AUX cord and start playen weak ass music &#1041204;&#1041204;&#1041204;&#1041204; http://t.co/KOdyDgPgjA
1.0,"RT ""@_ThatGAPeach: &amp; alla my niggas hot boys , so don't bring no ice in this bitch &#128130;&#8221;"
0.0,"RT @ArianaGrande: Oh Torrence, I can't stand your cheer leading squad but I love your pom poms... I'll feed you bon bons all night."
0.0,"Stop Smokin' Bathsalt, Charlie Brown! #rejectedpeanutsspecials"
0.0,A yellow jacket landed on my mouth and stung me while I was cutting grass..safe to say he won &#128029; http://t.co/caYUcS8O01
1.0,Fuck you ghetto ass coons
0.0,Put the redskins in your starting lineup instead of the Dolphins...it'll be fun they said.
0.0,@ThatChrisEckert Gobble de gook
1.0,"&#8220;@2Blunts1Jorge: Lol bitch funny, i was over you from the min i tossed your ass to the curb&#128567;&#8221; &#128588;&#128557;"
1.0,#DegenerateArtist Isn't a bitch walks back his words&gt; Isn't a WITCH who questions a TURD&gt; I'm a GLITCH WHO EVOLVES YOUR ABSURD!!!!!!!!!!!
1.0,"&#8220;@kaitlinfryer: Big oleeeee middle finger, bitch.&#8221;"
0.0,RT @mjxcx: Teachers trying to pronounce ghetto names on the 1st day of school.... https://t.co/8CjuAVL3Ct
0.0,@ScottFerrall @HowardStern PHOTOS: Kate Upton cheers on the Yankees at last night's game http://t.co/Q2SVYRHUDu
0.0,Why do visiting teams WHINE about right field as if it is longer for their batters. #Yankees #YankeeStadium
0.0,@daishialopez how could you say such a thing woman?! You have two functioning chest tables to hold your peanut butter and crackers!
0.0,RT @YahooFinance Two stocks to turn trash into cash http://t.co/MRmlxaCOXx
1.0,"@BillPeriman @Po_st 
I bet he would have gone ape shit and killed them all if they attacked Muslims."
0.0,RT @tracksideonline: There will be track sweeping during this yellow.
1.0,@asshole_king pats owner is a kike.
0.0,Or when you're in my neighborhood RT @clairelea18: You know you're in the mexcian ghetto when... http://t.co/1Vq0OcrseV
0.0,Would you be interested in some eggplant? RT @NittyScottMC: twerk on me http://t.co/75UftRuVDZ
1.0,&#8220;@nicekicks_nico: I see so many mad hoes on the tl. Tht shit should be illegal.&#8221;tbh
1.0,"""By the way we do punch bitches."""
0.0,It's the most hillbilly thought ever. A thing is a way ONE TIME or to ONE AUDIENCE and therefore it must be that way always.
0.0,"RT @breely216: The recommended serving size for brownies is ""all of them."""
0.0,"RT @fletchworld73: Pulled a dead bird from my garden. 

Grateful to be out of the hot sun, it winked at me with its rotting eye socket."
0.0,This store is SO redneck...
1.0,"@ImToBlame Apple TV got the NFL channel on that bitch, I'm pretty sure they're all on there. I've watched a couple. @DukeOfZamunda"
1.0,"""@Dietrich1892: Yall shut up:p"" make me bitch"
1.0,"&#8220;@MaRAtheeMODEL: Hoe fax = type yo bitch number in google to see if it pops up on back pagE

thank @HeartOfAHustlah&#8221; &#128514;&#128557;&#128514;&#128557;"
0.0,Yanks won't make the playoffs but we ain't in the AL basement. That's the Red Sox position:http://t.co/f7HXNDz1hy&#8221;
1.0,@KingLister10 @Sweet_Loveeee @_ItsCheese that shit chunky lol
1.0,&#128514;&#128557; I have to explore the pussy out there @Austin__321 http://t.co/GER0IPaBPA
1.0,@BosleyXavier I trip on acid not bitches.
1.0,"RT @DaTbOySmOkEyy: Shawty said you not gone understand america unless you went to a PWI school, crackers already brainwashed her smh lol"
0.0,RT @Dalilaaaaaa__: Flappy birds cheat codes http://t.co/nu6GjYQDJJ
1.0,&#8220;@FREDOSANTANA300: Up making plays&#8221; can I have my slut bitch girlfriend u always rap about back yet?
0.0,Slack jawed yokel husband http://t.co/VE1PWFrz9t
0.0,Sebastian is high on cat nip rn
1.0,I'm just upset they got faggots on this show
0.0,"@Boazziz He promised to stand with the muzzies, so..."
1.0,I love all people for who they are but there's this one fag that goes to my school that can catch a ninja star to the face ASAP
1.0,I really just want to kill some towel head terrorists already &#128530; can high school be over now please?
1.0,&#8220;@BarryClerjuste: I cried like a bitch after my first breakup. Never loved again lol&#8221;
0.0,"I am a Yankee by birth, and lived much of my life in north. I see no diff in level of racism @frendafox @melinwy @NoahCRothman"
0.0,@VoiceofaPatriot Now now&#8230;that bird is one of God's creatures :-)
1.0,"""It's the dykes"" -hunter dyke with a dyke http://t.co/LGtw3AWMeh"
1.0,&#8220;@FukknTyler: @lil_aerii LIGHTSKIN MF LMFAOOO&#8221; ight white bitch lol &#128299;&#128299;
0.0,I love floating monkey heads as much as the next person but Active Surplus' website is just redonkulus. http://www.activesurplus.com/
0.0,Just as trash as the others. Fixed none of my issues. RT @SheSeauxSaditty: Naw. RT @GlitteryGlossy: Anyone download ios 8.0.2 yet?
1.0,"""captain save a hoe"" is the most annoying phrase"
1.0,"@Cyberobama @eReIevant 
plot twist he is a faggot"
1.0,1 more day bitches!!!!
0.0,@NoHazardNoParty @PiBBzYx @piersmorgan @Jim_McLaren I can't wait for the day they take them be a boon for the entire nation
1.0,Fuck u niggas gonna do not a mfka thing oh bitch ass wack ass nigga y'all some fake ass people
0.0,I rather watch the oak cliff redskins and oak cliff comets play hell
1.0,"""@NICKIMINAJ: #WutKinda

r purple. Ceeeleee""man this gurl was jus playin on the ""stupid hoe "" track. But in still shitted on sum gurls"
1.0,"""@StellaTex: Guess what? I also have zero time for your mansplaining! Adios!"" Stfu pussy"
0.0,@kayliefarmer hey now there's no need for foul language you kike
0.0,Whoooooaaa no chill savage &#8220;@CantBeLocal: Here monkey monkey http://t.co/wmZ8s3j6iG&#8221;
0.0,#Iraq gov troops were handed a severe defeat by #ISIS at Saqlawiya -- there's chatter of over 300 soldiers lost &amp; Jihadis raving about it
1.0,"""Niggas always yelling ""Fuck bitches, Get money"" meanwhile they're broke and still want the bitches&#8230;."""
1.0,@GrizzboAdams @wyattnuckels bitch I got plans to fuck tonight I said friday nigga
0.0,@SugarShai2 youtube bear vs monkey bike race!
0.0,R&amp;B is so trash now compared to early 2000's.
1.0,&#8220;@JennerAcosta: Sleep over with guys doesn't mean we gonna fuck. TRUST ME&#8221; you're a bitch for denying them pussy
1.0,"""if she can suck your dick with a dip in, she's not only a keeper but a true redneck woman."" - Kim's Dad."
0.0,RT @AnnTelnaes: Halloween candy corn bird http://t.co/kTNbyuTYKw
0.0,RT @Rajput_Ramesh: Friends a Proud Hindu n ShivSainik brother shri Ramesh Jadhav was murdered by Jihadis plz help trend #RameshJadhav http:&#8230;
1.0,RT @Cougar745III: this girl comes into class with fried chicken and pulls hot sauce out of her purse i mean come on how ghetto &amp; Stereotypi&#8230;
0.0,2 adult human skulls found in trash http://t.co/VcsNP9ejV9
1.0,@Briscoefunnyguy @_KaeeJones da fuck that hoe look sad
1.0,"&#8220;@_PlayaChris: I be laughing when my ex be tryna stunt, bitch you forgot I went with you I know what you got &amp; don't got &#128514;&#128514;&#8221;"
1.0,"""@PoemsPorn: Quote this tweet with your favorite animal.""pussy"
0.0,RT @Sttbs73: I see the crazy #teabaggers have given up on defunding Obamacare and have moved on to using veterans! #1MVetMarch
1.0,"4 stacks for the heels on my bitch feet, car seat still smellin like 10 keys.. Tell the plug that I'm lookin for a increase.."
1.0,5thharmony user followed then unfollowed me what a prude ass hoe
0.0,"Charlie Crist Losing 50,000 Florida Jobs To Raise Minimum Wage Is &#8216;Worth It&#8217; - Conservative Byte http://t.co/y3JYJ2Yf4L via @conservativebyt"
0.0,@fangsbites @the506 Huge Yankee fan....enjoy http://t.co/tKM8l9Ty
1.0,@Eddie_Hayden1 lol yeah bro good choice. But bitches do love foreign whips so it's a personal decision
1.0,"@SoftestMuffin @_tee13 @TorahBlaze will convince u that is a lame, you, a nigger liver believes it cuz you a nigger whore"
0.0,Ding ding ding &#128514;&#128514; &#171;@saudiasade Sagittarius - trash.&#187;
0.0,beanies cumming real soon http://t.co/GlLjaQb6ty
1.0,@DividendMaster obama is a bitch his speech was pure politics for mid terms. Only way we destroy ISIS is with troops on the ground.
1.0,@1Josh_Warwick3 @ashleyypat17 fag
0.0,"@Brelston I realized it's the one on Link's Awakening too, so you killed two birds with one stone. Unless you're getting the Wind Fish too."
1.0,@BreadTruckkBri I know I was playing that hoe start on the 20 tho
0.0,"RT @Sydhinton922: If your boy breaks up with you and has a new girlfriend a couple days later, then there was something you didn't know abo&#8230;"
1.0,&#8220;@BINDLE13: My momma aint raise no hoe&#8221;
0.0,"RT @MLBStatoftheDay: Since 1914, Derek Jeter&#8217;s 91 multi-hit games vs @RedSox are 4th most among @Yankees, behind Gehrig&#8217;s 121, Ruth&#8217;s 99 an&#8230;"
0.0,Serious question here; How many country songs mention honkey tonk(s)?
1.0,"Ain't shit like fucking another nigga bitch and askin her ""who pussy is this"" and she say yours lmao no bitch im stealing this pussy lol"
1.0,"&#8220;@Greg_Jon3s: I hope my future wife, who ever she might be, is sleeping or studying instead if being a hoe right now&#8221; nigga shutcho asss up"
1.0,"RINO trash like @SpeakerBoehner, @KarlRove, @FrankLuntz see conservatives as the Democrat Party see blacks. As their slave property. #tcot"
1.0,@mikecheck_123 the favorite drink of white trash everywhere....
1.0,@Newser big fucking deal...cry baby niggers
1.0,"""@BeenFLYnSolo: ppl talk bad about the ghetto/hood ... but as a kid growing up, a nigga had funnnnnnn !"""
1.0,&#8220;@kingCvpital: &#8220;@GinaSanabria_: &#8220;@kingCvpital: &#8220;@keanabermudez: MEN are the biggest hoes lmao&#8221;&#8221;&#8221;&#8221;
1.0,@Soldier1eaODGrn you are a teabagger scum who wants to threaten people with his penis extender. You are a danger to this country.
1.0,"""@TheOneMiss_Luu: Would you still love me when I'm no longer young and beautiful?"" No. Ugly monkey ass."
0.0,&#8220;@GianneNichole: Lakers really trash.&#8221;&#128686;
1.0,RT @AssholeOfDaYear: Rudy Gay a faggot for not changing his last name once he got money.
1.0,""" got ya bitch tip toeing on my hardwood floors "" &#128514; http://t.co/cOU2WQ5L4q"
1.0,@allsportsbruh you say waste a draft pick on Manziel when we have Mallet. that's why I'm telling you to delete your account. You're retarded
0.0,"@LinzBella 
You date colored men?"
0.0,"RT @Fant4stic63: Can kids say much when their parents pay for everything? RT @Andrea_Michele: If he paying every bill, I can't complain abo&#8230;"
1.0,@CoreyRoyalty_ *hoes
1.0,@MarianCristinax you a fag b
0.0,@Hendrixoxo lemme guess you wore the hilly hicks sweats/leggings &#128514;&#128514;&#127874;&#127856;&#128079;&#127825;
0.0,"""Yaoooooooo @yea_im_JAMAICAN: Mawnin yardies! &#128154;&#128155;&#128536;"""
1.0,@DefineMEee lol tell dat white bitch I said hey
1.0,"' Ima kill that pussy straight murder that shit , and Ima eat it , eat it , eat it &#1043291;&#1040788; And lick it till it slaps . Aye &#1041237;&#1041191; ."
1.0,"&#8220;@RonStackin: i got money , guns , gold , bitches nd stacks nigga fuck this net beef have my shooters get at niggas&#8221; a Bring dat Friday den"
0.0,"#hoosier fans, is cody zeller nominating for this years #NBA draft? #iubb"
1.0,&#8220;@CodeeJames: That one ex you can't seem to get over&lt;&lt;&lt;&#8221; an is a cunt!!
1.0,#bad #ass #local #bitches
0.0,"RT @zachthorpe78: where are all the thinkpieces on why kids call themselves ""trash"" and ""garbage"" these days"
0.0,RT @Shoq: He no doubt copied it from someone else. RT @KilloughCNN: Alert: The mock turtleneck is back. http://t.co/uM7aTH7tHT
0.0,"RT @AliyahKorea: #Whiteculture thinking weave is ""ratchet"" and ""ghetto"" while ""extensions"" are perfectly fine."
1.0,"&#8220;@BasedChasen: Grandmas always b asking you ""Do you have a girlfriend???"" No....I got hoes tf you mean&#8221; real shit."
0.0,Is dare any colored players in hockey?
1.0,&#8220;@GreaterThn: for all the bad bitches out there http://t.co/ESXBexvKEs&#8221;Lets go have some fun&#128536; @ambernicolee05 &#128514;&#128514;&#128514;
0.0,RT @_WORDtotheWISE: I love when the birds are chirping in the morning #patsgonnasubtweet
0.0,RT @kamaalrkhan: Sir @ArvindKejriwal career tho apka waise bhi khatam ho chukka. You have become new Amar Singh so try for publicity #Kejr&#8230;
1.0,&#8220;@najmaaa_ali: Lool I agree RT&#8220;@stopitfive_: the most fucked up show I ever watched was misfits&#8221;&#8221; wen Simone wifed that hoe was the saddest
0.0,RT @77StephanieG77: A portable septic tank. For allllll those pesky feelings.
1.0,@ItsMeKevin10 @josie618 @ThatSlutAdrian @ZaidSaracini @papigabs lmao this nigguh
0.0,"RT @Mr_MshkL: &#1589;&#1608;&#1585;&#1577; &#1604;&#1591;&#1575;&#1574;&#1585; &#1575;&#1604;&#1603;&#1575;&#1585;&#1583;&#1610;&#1606;&#1575;&#1604; &#1575;&#1604;&#1571;&#1581;&#1605;&#1585; &#1575;&#1604;&#1605;&#1605;&#1610;&#1586;&#1548; &#1571;&#1581;&#1583; &#1588;&#1582;&#1589;&#1610;&#1575;&#1578; &#1604;&#1593;&#1576;&#1577; &#1575;&#1604;&#1591;&#1610;&#1608;&#1585; &#1575;&#1604;&#1594;&#1575;&#1590;&#1576;&#1577; angry birds &#1575;&#1604;&#1588;&#1607;&#1610;&#1585;&#1577; !
&#8226; http://t.co/0lowkClb"
1.0,@TweetfrmtheSole it&#8217;s the entire pats bandwagon. They&#8217;re faggots
0.0,"""OVO"" &#8220;@Allthingsfresh3: &amp; kendrick lamar still trash&#8221;"
0.0,Eating brownies and then going to the gym... Idk
1.0,@0hallis0n bitch caught a body about a week ago. Everybody catching bullet holes.
0.0,1-100000 You are a semi-evolved monkey that is desperately searching for validation and meaning in life. BBQd you'd be ok with mango salsa.
0.0,EXPOSED: Jihadi kidnap and murder handbook... and plan to infiltrate British Army and police http://t.co/gkP1vG6Pnw via @wordpressdotcom
0.0,International law enforcement operation disrupts Shylock banking malware - PCWorld: International law enforcem... http://t.co/XEzf7Cj5qT
1.0,"""@fIirting: HE'S DOING IT RIGHT &#128525;&#128120;&#128158; http://t.co/JZKkiVUVjC"" no bitches smh"
1.0,@KILLDion @h_christianne politics isn't twitter coon lol
1.0,Heard that bitch gtta thang for them boss niggas
0.0,You're just trash like sorry
0.0,&#8216;Chillin&#8217; With My Homie Or What&#8217;s Left Of Him&#8217;: British Rapper Turned ISIS Jihadi Poses With Severed Head http://t.co/L9vMdNOXPg #tcot
1.0,Is there a full moon out? #CrazyAssholes out in full force and I'm not talking about muzzies or liberals&#8252;&#65039; And I'm in the mood to oblige.
1.0,@bonnoxxx nah she said you a fag
0.0,"RT @AtlasSmugged: women only play casual game like Kim K game &amp; anger bird. They don't play real games, like Male Power Fantasy 2 or Jingoi&#8230;"
0.0,RT @duttyOGshake: for real this game is pub trash let's do drugs and get smashed
0.0,@HalleyBrenks3 interesting #hick
0.0,The republican teabaggers hate this but screw em. http://t.co/6iutHYvhQm
1.0,&#128073; RT @Pr3ttyN33: Don't like me ??? Have a &#128186;with the rest of the bitches waiting for me to give a fuck &#128540;&#128129;
0.0,RT @Blessedyaszay: #IWantToPunchPeopleWho mock God
1.0,"""@IScoutGirls: @verbally_abrupt bitch where u been"" Around the world and back. Where you been?"
1.0,I be waking up on some new shit like fuck that bitch shit
0.0,@IamSaintBryan they call me yellow bone
1.0,@EzraxDavis you want my pussy so bad
0.0,"@AndrewTaran That's a nice color combo too, love the blue and yellow."
0.0,@Paulyy2 nah some honkey lookin dude at chr
1.0,@ImToBlame bitch you opulent as fuck refrain from conversing upon matters of the middle class.
1.0,@vernon1488 town . At a movie with friends. I stabbed a nig 3 times and got sent to prison. Justice?
1.0,"""@Shun_stokes: &#128514;&#128514;&#128514;&#128514;RT @bluprint_4: Lmao! This bitch come scooting in the tent like she about to fuck some shit up!"" &#128557;&#128557;&#128557;"
1.0,@IamShady_ that's not even a real word! Must have hit a blunt and started making up shit with your nigger ass lol
1.0,"""We're out here, and we're queer!""
"" 2, 4, 6, hut! We like it in our butt!"""
1.0,"#TweetLikePontiacHolmes&#160;
I do the Pontiac sprinkler...

Nigga nigga nigga nigga spic spic spic spic nigga nigga nigga nigga"
0.0,"RT @Harryslaststand: On this #ArmisticeDay the cry ""Never Again"" is absent and mocks our pledge to #NeverForget the fallen from ancient an&#8230;"
1.0,#morningjoe prove him wrong righties! Liberals use facts cons use emotions to make decisions. Facts be damned should be the teabagger motto
1.0,@WhosJuly 1) He's a faggot and I don't like him. 2) I'm on the other side of the state.
1.0,"""@LaFlareGodJosh: Gucci Mane in jail and dropping mixtapes every month and you hoes can't even text back"""
0.0,"RT @SpenceLynn: Idk how people can just not have a job and stay at home all day watching tv, it was so boring for me to do it 2 days idk ho&#8230;"
0.0,I want a cowboy killer
1.0,@AutyAut_ bitch add me
1.0,@LadyVodkax keep them around so new bitches know they could be the next ex if they dont stay in line.
1.0,@JunDishes block or mute the cunt
0.0,RT @Sulerte26: BREAKING: Yankees acquire Lebron James in a 3 team deal per sources http://t.co/rSMi4p7o6u
1.0,@ClicquotSuave I would dead upper cut that bitch
0.0,@b1gsean21 lets just say hellen keller makes better brownies
0.0,RT @VUULibrary: It is Shakespeare's birthday. Take a look at some Shakespearean trash talk. http://t.co/JSy3UFfaIb
0.0,@NFLonFOX Random thought - If a bird crossing the path of a FG try were impacted by ball causing it to deflect off course. Re-kick or miss?
1.0,@KuntIMKeesh lmao...nigga talking like he bag bitches
1.0,"&#8220;@VishalDaGod: fuck a #WCW dats my bitch , not my crush&#8221;"
1.0,#firefighter is a job for white trash
0.0,First key club trash pick up with the freshman! #tbt http://t.co/rpLXlaylOJ
0.0,RT @chughes717: @TyZebruh trash cans are always demanding new music from the gawd Tyga
0.0,RT @reidk_97: Flappy bird is dusty
0.0,"First ""#tbt"" best and drunkest Yankees game ever #wheresColman #everclear http://t.co/pKnLCylu"
0.0,Brown is a color so my eyes are colored
0.0,RT @WOWFoodPics: Oreo Shake http://t.co/YE22nl8bsE
1.0,"&#8220;@schoolfession: ""This was hung in the boys bathroom..."" - St. Dominic http://t.co/OErALv45gI&#8221; @outlawdipper silly bitches."
0.0,Dafuq is floppy bird ?
0.0,RT @OTBVA: mook gon wi 3-0 but this battle is bad
0.0,"@alexnolan1990 @claddos @takutaneka @regankelly91 ill give you a tip, beware of the ugly birds who hide behind massive lensed sunnies!"
0.0,Baseball isn't the same without the Yankees in the playoffs &amp; basketball isn't the same without the Lakers in em.
0.0,Word to my bird! http://plixi.com/p/60040730
0.0,"RT @WillMcAvoyACN: An ad for the Haitian charity ""Water Is Life"" mocks people who use #FirstWorldProblems hashtag through juxtaposition. ..."
1.0,&#8220;@_Jamal___: these hoes ain't loyal&#8221; no they ain't
0.0,RT @musedbymusic: Thanks to @TonyJRodriguez I have learned way more than I ever wanted to know about birds...
0.0,The Bucs has 2 great uniforms and ruined them both for that trash smh
1.0,"""He married to a white woman... lucky sum-bitch"" - Uncle Ruckus"
1.0,@Italian_Montana im a boss ass bitch
1.0,100s 50s 20s yea I like my money in order bad Asian bitch yea she look just like Kemora
1.0,' August Alsina Deserved that &#1043323;&#1043323;&#1043358; My niggah .
1.0,Hate this dyke
0.0,"@SarahR_82 
Y'all gots to take da colored vacation. Kentucky fried chicken but only da white meat"
0.0,"It's a plane, it's a bird, nah it's just me doing laps around the dam. Lol"
1.0,@CheCha__ be gone my nigguh
0.0,"@hardball @Milbank Chris stop your angry bird spitting n Dana go hail ur racial tendicies, u didn't infor, carter rt n u never talk abt him"
0.0,Got chunky marmalade today of a greatful customer for my service over the past 2 yrs #PostieTweet #ServiceMatters http://t.co/pSEnGvyxrw
0.0,Wicked Oreo
0.0,Some Jihadi posted a bio of the #ISIS boss Mr Awad with excellent sociological info. Can't thank him/her enough for the gift.
0.0,"@GingerDemoness @RiotCast @weirdmedicine 
I wants to call bouts my vitaligro but I ain't sho if you a doctor fo da colored folk"
1.0,&#8220;@UnbearableTier_: I ate oomf pussy&#8221; @ her &#128064;&#128064;&#128064;&#128514;&#128514;
0.0,RT @Medz4u: &#8226;not all black girls are ghetto though
0.0,RT @NicksTape15: DeJ Loaf is trash. Pure trash.
0.0,"WIB plays next Fri (5-16-14)at the Silverdome Ballroom(21+) in Neillsville,WI with Charlie Parr &amp; Hobo Nephews of Uncle Frank! Tickets 15$"
1.0,"@JustFemaIe @CheatingAdvice 
Where the fuck were you this summer bitch?"
1.0,"""@TreLeKidd: Yo bitch is Gucci Mane RT @JabariTheGreat : My bitch a stoner &#128175;&#128175; http://t.co/lt9LIJjpg9""&#128514;&#128514;&#128514;&#128514;&#128514;&#128514;"
0.0,"RT @sportswithjohn: Dani Alves uses his new gray hair to talk himself out of a yellow card, telling the referee, ""I am but a humble senior &#8230;"
0.0,"RT @ThomasKeneally: Obersturmfuhrer Matthias, my wife is a superb financial brian. Carry on with your labelling in her presence, and see ho&#8230;"
1.0,@44BINKO ima act like I hit that hoe then pass it like I was earlier
1.0,@caykelly16 @MadisonEarhart u guys are fags.
0.0,@peteyhoti that funky monkey
1.0,But atleast they let me know...ur a faggot if u keep those type of twitter secrets
0.0,"RT @ClerkofOxford: In Anglo-Saxon calendars, 7 November is considered the first day of winter - 'Winter's Day': http://t.co/IhrCkeCqdA http&#8230;"
0.0,Leave it 2 #teabaggers 2 whine about infrastructure when they r the ones who won't pay for it. Waiting on god to fix it? #morningjoe
0.0,@HBergHattie @snkscoyote I wonder if the progs didn't relegate young black men to the ghettos to keep them away from harry reid's friends...
1.0,"&#8220;@DJ_D_RAC: Fuck driving stick, it's gay as fuck&#8221; shit pussies say"
0.0,Early bird catches the worm &#128076;
0.0,"Mark Teixeira finally stepping up, HR and couple of BBs #Yankees"
0.0,"RT @LizardLickTowin: - @CMchatLIVE #CMchat why do U think its so hard for""hick hop""2get major air time on most stations #cmchat when it's w&#8230;"
1.0,&#128557;&#128557; &#8220;@_____AL: Y'all be tweakin wit that WCE shit. Ain't no way in hell u like that bitch every single day.&#8221;
1.0,@American_Pye bitch would rather fuck a poster? damn... thats cold.
0.0,@chucktodd @meetthepress he was walking &amp; 3 little birds pitch by his doorstep. Singing sweet songs of melodies pure &amp; true. Saying ...
1.0,&#128514;&#128514;&#128514;&#128514; RT @SMASHaVelli: Murda out here sucking bitches &#128514;&#128514;&#128514;&#128514; #howDhow?
0.0,RT @Yankees: SEE YA! @JacobyEllsbury gives the #Yankees a 4-3 lead in the 10th with a solo home run!
0.0,This being sick is for the birds.
0.0,"RT @Yankees: RECAP: In epic storybook ending, Derek Jeter closes his last game in Bronx with a #walkoff. http://t.co/Dl390SbteQ http://t.co&#8230;"
0.0,He's trash. &#8220;@jlojpg: @TRAPGURLRON he said he's not doing collabs for anything less than 10 mil naira like booyyyyyy &#128514;&#8221;
1.0,&#8220;@_BucketsMcnasty: Iz no point in being jealous cuz dee hoes for everybody #&#128175;&#128175;&#128175; #BucketsProverbs&#8221; http://t.co/HuH4hBKYwY
1.0,"""@thejudyann: annoying bitch that I love http://t.co/8oxlQvQBrC"" JUDYANN'S SO PRETTY!!!!!"
0.0,"RT @Iaughatmypain: My anaconda don't &#128581;
My anaconda don't &#9995;
My anaconda don't &#128683;

&#128079; Want 
&#128079; None 
&#128079; Unless 
&#128079; You 
&#128079; Got 

&#127838;&#127838;&#127838; Bunz &#127838;&#127838;&#127838;

&#128129;Hun"
0.0,Can I double stuff your Oreo?
0.0,Charlie and I!:) love that dog!!:) http://t.co/8AQXiYg6Ov
0.0,"PHILOSOPHY EXISTENTIALISM AND DEPTH and not trash pop

#MTVHottestLanaDelRey"
1.0,"3 things i cant stand while dealing with a bitch! 

A. HIT FEET
B. STANK ASS BREATH
C. SKANK ASS WAYS"
0.0,"RT @LynchieWCVB: Big night at WCVB. Martha Coakley-Charlie Baker debate here at 7, Bruins-Minnesota WIld, World Series Game #6."
0.0,RT @SenorSteez: This whole week was trash
1.0,&#8220;@noLove_moreLOUD: Wifey means The pussy good right now but you gotta go in 2 months.&#8221;basically
0.0,"Never seen a tinted yellow tongue before. 

She just ate a lemon jolly rancher?"
0.0,@AutyAut_ I miss you!!! *Eating as we speak* I miss you red bone and that cooking &#128553;&#128553;&#128553;&#128525;&#128525;&#128525;&#128542;!!
1.0,@ApevonTarskin WHAT? Smdh another bitch
0.0,RT @BenTateRB: This is crazy no RB picked yet. A RB won ROY! 2yrs ago RB was MVP. Ppl 4get how important our position is. This is insane ho&#8230;
0.0,colored denim makes me puke
0.0,A random am scroll lands me here...RT @HarryRelloFonte Charlie horses durin sex just simply means you didn't drink enough water that day
0.0,"@spence1reed_ bro , i heard slaughter songs .. they all trash .. they just freestylers"
1.0,@Angllee2500 ain't nobody offending u fuckin peckerwoods I despise of a no good white ungrateful honkey
1.0,"@GossipCop the coon, n coon wanna b got what they should have, except should have been more time in jail"
0.0,"Sweet baby birds, you crack me up. ~~ Houston Foodlovers http://t.co/2Idh4BatO1"
1.0,&#8220;@JustKarahn: &#8220;@what_iDO: Y though http://t.co/hg6OO3X3o6&#8221; really hoe? really?&#8221; U the dummy taking a pic
1.0,"Look at this coon ass nigga here..... Standing on a damn toilet, looking around for his manhood...&#8230; http://t.co/3WyPsnRLu3"
0.0,Rotherdam #RapeJihad coverup: young girls sacrificed on altar of political correctness in favor pf paki pedo gangs http://t.co/RDgyG6GURv
1.0,@L20music @SALUTEmyRainbow @iHeartMe_LOTS ; My ass just won't be on that hoe!
1.0,&#8220;@daaamian_69: &#8220;@tankGonzalez: Stop being such a bitch&#8221;&#8221;
1.0,&#128034; dirty whore. I love you. but you a hoe. but I love you. Jesus is watching.
1.0,"""@splurgb_: Nothin in life is free.. Some of you bitches need to write that on ya panties""&#128557;&#128514;"
1.0,#tbt to when i used to be good at rapping...now ima bitch &#128542;&#128299; http://t.co/6RV4jiJpRD
0.0,"@lloyd7121 @jjauthor @petermickley 
Approximately 1/2 in one crash. There wasn't supposed to be that many members of a seal team on one bird"
0.0,It's a matter of pure weight ratios... A five ounce bird can not carry a one pound coconut!
1.0,&#8220;@eternalhbic: &#8220;@HalfJewish: Stills get no pussy** http://t.co/6uOWecbUQO&#8221; he's jus being rational&#8221; a fag
1.0,@BlakkHoodie_562 fosho my niggah il be over there just been real busy lately
1.0,"""@PRAYINGFORHEAD: &#8220;@macklemroe: Stop bringing weird niggers into my mentions! @PRAYINGFORHEAD&#8221; http://t.co/cussDJesRK"""
0.0,"I uploaded a @YouTube video http://t.co/JHUuZpgr UPDATE ON UGANDA ANTI-GAY BILL: Freemasonry, Anglo-American Influence, and"
1.0,"@Growword no, that nigga goin to work. Quit tryin to kill a nigga's vibe you broke bitch"
1.0,"*Bows down* ""Yes bitchmaster bitch"""
0.0,@ChaldeanCutie really? @RileyAintShit @KILLSheredon @CHILDISHCUDl are my nudes trash?
1.0,@BobbyBotsods @MrMooncricket @FuckTheMallcops @UncleUnco no u eat it inbred trailer trash.
0.0,@MahNameIsJared be my guest. I want to be a bird I think
0.0,"Perhaps I'm not a ""diehard"" Yankee fan, but there's no more point in watching this debacle #Yankees #Tigers #MLB So what else is on? LOL"
0.0,"Not sure why #teabaggers would care about Nelson Mandela, being that he's one of 'them' if you know what I mean. #teaparty #tcot"
0.0,Charlie Clips vs Yung Ill review http://t.co/TwHJ0w1QJQ
0.0,@Yankees probably time to put this twitter feed to bed #nyy
1.0,"""And bitch you must be lost"" &#128514;&#128514;"
1.0,Fucking gook
1.0,&#128095;&#128095;&#128095;&#128095; got ur bitch tip toeing on my marble floors.......
0.0,RT @TideRecruits101: It's ok to trash talk....but I haven't seen any Bama fans wishing harm or injury towards LSU players.
0.0,Charles Tillmans' eyes are more yellow than corn
0.0,RT @TM__7: &#128514;&#128514;&#128514;&#128514;&#128514;&#128513;&#128513;&#128513;&#128513;&#128588;&#128588; RT @Lizzs_Lockeroom: Watching a bird poop on your car after you just got it washed http://t.co/k6AiIVU6Ph
1.0,I hate all these industry fags. I hope they all get the Nigerian Summer Flu
0.0,@AB_crispyy_andy I laugh Oreos and lady gaga on a Sunday day
1.0,@Chykalet naw u just retarded kinfolk lol
0.0,&#128514;&#128514; mike calls me t-bird @mikemastroccco
1.0,@DanLukas12 gotta keep your bitch in check
1.0,@Honey_GotBunns bitch you know you won't this &#128526;&#128131;&#128588;&#128514;
0.0,Watched some crows eat a sandwich
1.0,&#8220;@MILF_chronicles: Dudes shaving without it being for an athletic purpose is gay af&#8221; you're retarded.
0.0,One man's trash is another's Transformer &#8594; http://t.co/lpYNVqWXXx
1.0,I can't fuck a scary hoe.
1.0,@IIDeAIID @JQuiiin So many bitches you gon need to change ya name from Jebidiah to Bitches.
1.0,@CapoDaAssHole @Alejandro_Bihhh me either but if the bitch like put on that Beyonc&#233; nigga ain't gone hesitate
1.0,I'm already tired and mr stupid af decides to show us a video on trigonometric notions so um yeah I just wanted to say you're a hoe
1.0,Lmao Lebron's expression says it all RT &#8220;@InkMyHoleBody: This nigga is a fuckin faggot https://t.co/GSGhiZMdmW&#8221;
1.0,&#8220;@kissme_faith: This bitch comes right in &amp; gets tooo comfortable http://t.co/u9Duc84iwS&#8221;&#128563;&#128551; I never saw this yo my gut all out I hate u&#128514;&#128514;
1.0,&#8220;@TwittahCween: Always tryna degrade girls&amp;shit &#128530; when really..pussy&amp;ass is almost all yall think about so shuuutt iittt .&#8221; Sometimes
1.0,"""Virgin pussy "" () "" , regular pussy "" ( ) "" , Oomf pussy (_________________________)"
0.0,Mann are first game is 3 weeks from now can't wait - once a redskin always a redskin -
1.0,&#8220;@tufflove1: show a lotta love to my sisters tho but these bitches so predictable.&#8221; Im in trouble
1.0,"@LadyVodkax bare it bitch.
See what I did there"
0.0,@McLaffyTaffy Reason #2 I didn't order a shirt: Taffy will know where I live and he would probably find me and stab me.
1.0,"@COK3COKE Now, mfa don't wanna spend a dime wit em. Prolly out here yelling money over bitches."
0.0,@keishagreyxxx that's the beauty of them brownies I always daydream about what I'd do if I hit the powerball lol (nerdy but fun)
1.0,Know why the ultimate warrior died? God LOVES fag #toosoon ? He was an anti-gay crusader so a little light jokes are necessary
1.0,"""@HaloTGMG: @1stName_Bravo nigga you know we hacky sack hoes."" ...nah, I throw no look passes lmao"
1.0,"@BarackObama glad you brought that kid home, but he fucked up and should face the UCMJ. don't care about Taliban pussies really."
0.0,@NipseyHussle nip Im tryna buy a copy of #Crenshaw!! But your http://t.co/DBLbyvX0pL website is down.. Let me know something!
0.0,I confess. I'm autistic or something. I thought #Aerosmith #DreamOn was #LedZeppelin until like yesterday....... #retarded
0.0,"Baked Montreal chicken, cheesy brussels sprouts, garlic butter triple cheddar &amp; chives yellow mashed&#8230; http://t.co/XsGW1kSqCW"
1.0,"""Don't worry about the nigga you see, worry about the nigga you DON'T see... Dat's da nigga fuckin yo bitch."""
0.0,@zhandlen I love WHITE NOISE and love Delillo. I&#8217;ve resisted reading HOUSE OF LEAVES for years. It mocks me on my shelf.
1.0,@EaTMyTweetZz Huh? I been with Verizon for 4 years bitch.
0.0,"So my daughter seen Charlie Villanueva... Questions on 1,000 &#128514;&#128514;&#128514;&#128514;"
0.0,&#8220;@Yattabing Cavs trash.. Heat trash.. Smh&#8221;pat gotta make trades
1.0,"@7aidualc9 u said ""@ me hoe"" &#128514;&#128514;&#128514; so I did..."
1.0,"#porn,#android,#iphone,#ipad,#sex,#xxx, | #BBW | Brazilian BBW Babe Drilled in pussy and ass http://t.co/Z7ksrFpmz9"
0.0,"@1Corinthians126 #BlessJesus Yes,#Felt..and touched the soles of the humanity with stains and impressions that only leaves its reflections."
1.0,"@BasedBoy_Bob nigga said ""I woke up in a bed fulla bitches that I ain't een fuckin"" but idc his shit bout to be 10x harder"
1.0,@kieffer_jason @zach_smith98 @NathannDevlin so why the fuck are still talking shit. You acting like a pussy ass nigga
1.0,@FrankieJGrande fugly queer white trash
0.0,@ACMobbDeep @madsbennett yeah I run over squirrels and coons
0.0,Embrace it. Love it. Flip this group of mine runoff water colored turds off and make a pick.
1.0,------&gt;RT @Maxin_Betha @HumbltonBanks ankle socks in general are for the faggots bro
0.0,RT @rickygervais: Humans are genetically closer to chimps than chimps are to gorillas. But we are all apes. Have a great day you clever twe&#8230;
0.0,I'm Pregnant Charlie Brown! #WorstPeanutsSpecialEver
1.0,' Beat the pussy up till its red like rosters and after I fuck I get to moovin like the hoovas &#1040784;&#9996;&#65039; .
0.0,"Everywhere you look, all you see is hillbilly deluxe... Big timin in a small town. #smalltownproblems #neversaiditwasabadthing #brooksndunn"
0.0,RT @manchild1077: Oreo Speedwagon #FatBands
0.0,"RT @ArcticFox2016: 150 Christians MASSACRED By Jihadi Muslims While They Slept! Including Pastor, His Wife &amp; Kids http://t.co/VnR60MjFo6"
1.0,"""Fresh nigga so you kno I need a clean bitch... Who kno I'm working cuz I wanna see my team rich."" http://t.co/Cgx3HNAK9A"
0.0,"@antiamnesty @AppSame @WhiteHouse 
I agree 100%. No naturalized citizenship, no anchor baby amnesty. All go to parents country of origin."
0.0,@kamkamluvsblk Yeah one called me a race traitor lol
1.0,&#8220;@MannyKream_G: Birthday Weekend starts today&#8221; Shut yo hoe ass up
1.0,"&#8220;@KinggKI Im drunk, I'm bout to bitch.&#8221;need a ride?"
0.0,"So, about this flappy bird game then."
0.0,"@charliesheen Charlie, im an old lady. don't EVER SAY UGLY THINGS ABOUT UR CHILDRENS MOM.. I GET IT!!!, JUS DONT! BIG HUG"
1.0,"""@Itsyesie: #oomf is soooo cute. But he probably has hoes on him a lot."""
0.0,Currently being hit with the jig. Word.
0.0,anybody want to take me to pollo?
0.0,Our female guinea pig is pregnant &#127882;&#127881;&#127873;&#128525;&#128525;&#128525;
1.0,Niggas sleepin with bitches grandmas??? Lmfao maury fake af
1.0,@Cee_Murda94 it's almost ya fucking birthday. So act right niglet
1.0,"""ain't it time for you hoes to get out of here"" LOL this is what Ariana's mom says to us"
1.0,@KimW16 and the plastic surgery of a tranny.
0.0,The Giants trash
1.0,&#8220;@tay_torrez &amp; wealthy? RT @DrTruth247: My aunt said I'm handsome fuck you hoes&#8221;broke
1.0,@wutkarina Alright fag
1.0,"Fuckkkkk!!! My nig a g tho, he gonna come back"
1.0,"Lynch mob thugs threaten Zimmerman jury; &#8216;N*ggas coming for that bitch ass&#160;jury&#8217; http://t.co/XY6v2YtyAS The hatred won't stop flowing,,#War"
0.0,@YungCofGOA @12YearsAHaitian need to start mcbob because Williams only shoot let him play with bird
0.0,Rescue elephant calf &#8216;Nunai&#8217; looking fuzzy at the International Fund for Animal Welfare Rehabilitati http://t.co/PAetLXGuoa
1.0,Niggas actin like hoes most of em bitches
0.0,"RT @OmarImranTweets: Media be like:

*Muslim whale attacks US Navy*
*Muslim tiger attacks Zookeeper*
*Muslim bird attacks Eiffel Tower*
*Mu&#8230;"
1.0,&#8220;@RspectMy_Pretty: If a bitch comes for me I hope she bout all that slick shit she yapping about &#128064;&#8221; Thuggin
1.0,"@BlakkHoodie_562 yeah that niggah played good, lowkey i wanted brazil to win"
1.0,"""@Shun_stokes: My cousin said he share hoes with his brothers. He said sharing is caring and he love his brothers &#128514;"""
0.0,Lmaooo naw man RT @DipOnline Yo want in RT @HumbltonBanks: U serious bro?? lol RT @CheezMoeJenkinz 2-3:10am early bird special
0.0,@jaaaaaade__ You can't see it but I'm flipping you the bird
1.0,".@reddroostermann 's love of Obama is unrequited, however. Obama is clearly Putin's bitch."
0.0,Norwalk ghetto af lol all of a sudden everyone a dodger and raider fan
0.0,"Virtually zero protections for LGBTQ persons in Alabama. Not a lot of acceptance, either. Think about queer Alabamian kids today?"
1.0,@HeilSidious Ass Oreos and his name is Thad Castle.
0.0,RT @Yankees: #Yankees can jump into first place TONIGHT. RT if you think they will!
1.0,"@DetroitChe bitches be like.. ""it means something to me"""
1.0,@Joey_D26 sweet comeback u fuckin herb I dnt watch soccer but id still wax your bitch ass in it go swallow the red soxs kids ur from NYC fag
1.0,&#8220;@CiscoAllDay: If you have a different dude every other week you might be a hoe... #js&#8221;no your not don't listen to him ladies #DoU
1.0,"""@__youreWelcome: Im a boss ass bitch"" ...that needs to sit in a corner"
0.0,"RT @the_blueprint: in the trash, i hope. RT @ComplexMag @BigSean just dropped four new songs"
0.0,I don't want to deal with yesterday's trash! There's a reason it got thrown out in the first place
1.0,"@bad_boy_six @ksteven37 
Here ya go wetback, eat this.. http://t.co/kf6PgZvH5G"
1.0,&#8220;@DAMNfuckNEE I just wana eat some food. Drink some liq. Go to this party. And have a bad bitch waitin on a nigga when I return.&#8221;&#8221;
1.0,""" black bottle &amp; a bad bitch """
0.0,"There's gonna be a lot of trash talk today
#worldcup"
0.0,"Once the brainwork is done on pacemakers at medical device companies, they call in the contract tinker toy engineers like SC_Troll
#stribpol"
0.0,"Charlie Crist has asked to keep polls in Broward open until 9pm, claiming long lines. Media reports say turnout light in Broward."
1.0,Jai may make an appearance at the party... love that fag
1.0,@ImpactParasite just fuckin roasted this faggot
1.0,#Minnesota is full of white trash
1.0,"&#8220;@lovelyatotheb: @1Bcarter would love the Parkside sport girls, dressed like Kobe all day everyday!&#8221; Let me see 1 of them hoes"
0.0,Can't tell if Mexico has been impressive or if Brazil has just been trash today
1.0,@GorgeousCamry_ bitch fck all lay wat you wanna do
0.0,"RT @m_amrhein: Luckily for my friends I'm a yellow belt in karate, which is unfortunate for the bonner dudes #lookout"
0.0,Ravioli stuffed wit lobster nd a nice stuffed clam #eating betterthanamobster http://t.co/PzdoESaR
1.0,@lucas_wright955 @MichaelGT03 faggots
1.0,@OfficialSkai dont tell me what to do. fuck balls kike nigger cunt tits cocksucker chink spic piss bitch bastard pussy faggot.
0.0,Cute dumb females trash.
0.0,RT @ThePoke: This crow in Aberdeen just won at photobombing (pic by Steve Black] - via @DailyMirror http://t.co/qDcLxyjOCt
0.0,Yeah okay let's just put a fire cracker in a cow pie and see what happens
0.0,RT @SullivanMcPig: If those Captcha pictures get any more fuzzy I'm going to need a bot to decipher them
1.0,It's a lot of Uncle Tom ass niggas out here.
0.0,@MissMulgra Starts making monkey faces behind you
0.0,RT @Goons_TXT: Only retards and dads roll Lawful Good.
0.0,"RT @GreenLanternJet: I was already 24 when Jeter arrived so I had plenty of #Yankees memories, but next year is going to be very odd indeed."
0.0,I learnt about birds as a child. Best time to learn @BBCRadio2
1.0,"!!!!!!!!!!!!!!!!!!""@T_Madison_x: The shit just blows me..claim you so faithful and down for somebody but still fucking with hoes! &#128514;&#128514;&#128514;"""
1.0,Cute ass niggah. http://t.co/h0SQoPTYfX
1.0,Fuck Ur god until dat faggot strikes me down
0.0,"""@Stephenwildboy: Chilling &#128069;&#8482; http://t.co/mik3iPNle6"" sexy scally lad"
0.0,RT @iStayRadAsShit: &#8220;@1BookieG: What I wish I can do every time I day playing flappy birds https://t.co/mWiE7FkBu0&#8221;&#128514;&#128514; foreall
0.0,That warm fuzzy feeling when you're able to give someone a helping hand. Talking about medical problems with others can really help.
1.0,' Fucking on the first night don't make you a hoe &#9995; .
0.0,Today's Spy Ops: (His soles need a cleaning lick lick. I bet this cuties sneaks smell good) http://t.co/c7Hj3DvNgp
1.0,&#8220;@FunnyPicsDepot: Realist bitch to ever step foot on a soccer field http://t.co/CSfigYQuT4&#8221; every team has a bitch like this
0.0,@edouglas528 Sorry bout your Yanks Earl....who uya like in the WS?
0.0,"@tmundal just because some moist bint lobbed a sword at you, you think you're some la-de-da king?"
0.0,"Bank robber who wore zebra-print dress arrested, police say http://t.co/UUQ0bw6vju"
0.0,"I was flying down the slope and just rammed into this small Asian boy, kid got up like a champ and walked it off"
1.0,@MorbidMermaid I swear to god nigger you better still hang with me before work. You got my hype
0.0,"RT @luke_brooks: There was a fly that was banging into all the windows and I called it retarded but then I thought to myself ""umm I'm talki&#8230;"
0.0,"RT @marksidaway: Last time #xfactor auditions came to Dublin, I auditioned @MaryByrneMusic and @NiallOfficial. And a man in a blue monkey s&#8230;"
0.0,"RT @WhyVee: @georgegalloway A Muslim wmn covers the yellow star of Jewish neighbour with her veil to protect her, Sarajevo,1941. http://t.c&#8230;"
0.0,"Yep, sources confirmed it. That Iggy concert last night was trash"
0.0,Just got done taking some photos with brownie #flowcity
1.0,&#8220;@Stoney_Blu: Y'all big braid gelled baby hair havin bitches look like Dashiki from Don't Be a Menace ... This is not up for discussion&#8221;&#128514;
0.0,@TheSeanyV would help for some others can't handle uppers and cripples them plus if moderation isn't taken into consideration it'll be bad
1.0,"@GoldGloveTV Neither does your fucking cat, pussy."
0.0,"#Yankees 3, #Astros 0: McCarthy outduels Keuchel in series finale http://t.co/hIJJAUKtJN"
1.0,&#8220;@SAADTHESAV: bitches saying ray rice got what he deserved but just a month ago wanted this man free &#128056;&#9749;&#65039; http://t.co/VFN1iS7Wx3&#8221;smh&#128514;&#128514;&#128514;
1.0,@CallNeeshCakey to lay up w my bitch
0.0,&#9733; BEST ASIAN MASSAGE ON THE park slope --TOP RATED SPA &#9733; 718-622-0221 - 24 http://t.co/8KUzaPFCMF
1.0,&amp; fuck your bitch
1.0,@IDisDummies Can you speak one coherent sentence without sounding like a nig? Seriously.
1.0,@Korrect973 don't pay dem bitches and they dirty ass chucks no mind bro
0.0,US spy planes are flying over British skies in hunt for Jihadi John's assoc's with advanced tech! http://t.co/XfSeZSzu0m via @BeforeItsNews
0.0,"RT @OhEmmeG: just because you ""not official"" doesnt mean you can act like complete trash and be free from acting like a decent human being"
0.0,@eonline @KimKardashian @kanyewest mr. and mrs trash
0.0,RT @BriannDominguez: Gasoline - daddy Yankee &#128175;&#128076;
1.0,"No these are only whites pies.
Well do you have any negro pies?"
0.0,Thing that made me feel old today: Tori Amos is 50.
0.0,RT @radiomaru: nerds are cool because they get really judge-y about other nerds being passionate about things they aren't passionate abo ...
0.0,&#8220;@_LoveCarolina_: My Lakers are going to be so trash this season I can't wait &#128588;&#128079;&#128530;&#8221; :(
1.0,"""@NoChillPaz: ""At least I'm not a nigger"" http://t.co/RGJa7CfoiT""

Lmfao"
0.0,Iggy is trending. Twitter's trash today.
1.0,&#8220;@sneakerhead226: I cant talk right now i got pussy on my tongue&#8221;
1.0,@ColeMcDowell2 someone sent this to me months ago bitch
0.0,"@gregorious13 I don't understand it, there's trash cans/dumpsters everywhere and if there's not, just wait till you go somewhere with one."
1.0,&#8220;@ArianaGrande: is this flappy bird shit a joke or........... http://t.co/L3xDYJypjI&#8221; on the real tho
1.0,"35-11.

Touchdown with :28 on the clock.

Michigan some hoes."
1.0,"""This is for all the fans that waited, the bitch niggas that hated / Old hoes we dated, look mama, we&#8230; http://t.co/sNRY6A7VYB"
0.0,Sapete che? Vi odio..... ho finito..
1.0,@EcliptiK @zFearless @prihncess @SSickStory mine pussy
0.0,My baby guinea pig is so cute #Adorable
0.0,@MissStef0318 @_MariaPetrova teabaggers weakening food and environmental regulations is infinitely more scary and lethal than terrorism.
1.0,@BranninWGL describing New Pussy like a Baltimore Love Thing out this bitch.
1.0,Ebola sounds like a hood hoe
1.0,"""Dropped a stack cause bitch I'm ON"".
-@1PoloBoy 
Song called ""Dope"".
Download the mixtape here: http://t.co/LaCZ1e6TG7"
0.0,You're standing on a slippery slope where it's all too easy to... More for Libra http://t.co/7THsA7v26i
1.0,"""@__taradise__: Ya nigs out there still saying y'all don't eat butt?!"" WITH A STRAIGHT FACE!"
0.0,I hear the birds in the summer breeze; I drive fast; I am alone at midnight.
0.0,"Thinking about the ""boom boom boom waaay ho"" video makes me laugh at least once a day."
1.0,@ALaQuannD what you laughing at hoe
1.0,#faggots KILLED #jesuschrist&gt; HELLO!!!!!!!!!!!!!!!!!!!!!!!!! But whatever. Go ahead. #gaymarriage yourself into #Pharaoh's pockets&gt;
1.0,"""You ol trout mouth ass bitch"" 
DEEEEAAAADD"
0.0,RT @LilyBean1313: And I thought I had a problem! #Oreos http://t.co/jfrBKzE1T5
0.0,They love me at the place I bring my car to.....I don't know why Spanish men love me... sometimes I do look like a guala though Lol
0.0,RT @ConsrvativeDiva: Must-Watch: Bill Maher Schools PBS Host Charlie Rose Over Islam's 'Illiberal Beliefs' http://t.co/5pq91jxOeV
1.0,"' From Freshman Year to Senior year , this really my niggah started being brothers 4 years ago TODAY . It's crazy... http://t.co/IIHcPFiyQu"
0.0,They use to call my mom Japs when she was younger. Lol Asian racial slurs.
0.0,Burnating all Yankees and their thatch roof cottages!!!!!! #Astros http://t.co/j3dZiwBDt0
0.0,@DamianHuffaker you're from a trash can
0.0,"RT @intelwire: Significant number of US tweets were Americans flipping the bird to IS. UK, not so much."
1.0,@Abel312_ @Cuauhtli02 bruh I'm under 2 blankets like a bitch right now
0.0,RT @jemelehill: Just saw Dawn of The Planet of the Apes. One of the better moves I've seen this year. I didn't know if I wanted the apes or&#8230;
1.0,@Mimistheone You really seem to love Sandusky. Weirdo. Ur a creepy ass cracker!
0.0,Boston's Jihadi Nest and Student Arm of the Muslim Brotherhood &#187; Joe For America http://t.co/4IfJwoeSDR via @RealJTP
1.0,@marclamonthill will you mention why being called nigger is wrong(witch i agree with) &amp; bossy is wrong.but being called a pimp is still ok?
0.0,"RT @UrbanEngIish: When your phone goes off in class and the teacher says ""turn that trash off"" but its a song from your mixtape = https://t&#8230;"
0.0,A GWB appointee. There goes the ACTIVIST JUDGES slant. Oh wait? It's already been exposed as completely farcical. A GWB appointee.
1.0,@kiara_curry i know im so kidding. Some of BET is funny. I love when blacks call eachother ignorant and niggers. Makes me not have to
1.0,&#128563;Oh this bitch Midy must be crazy http://t.co/75LWvtD4oJ
0.0,@Yankees go away already @Frizzle18
0.0,@cryancarfield haven't you ever heard the story of the birds and the bees
0.0,RT @mathewsjw: Muslim Jihadi fighters book tickets on cruise ships to Syria and Iraq&#160; http://t.co/auFmcZ01Y3
1.0,"@Brutal_Brandy We had a Pacer in the 70s &amp; I 'member loving when ""Hair of the Dog"" came on the quadraphonic stereo so I could say ""bitch""lol"
0.0,Thanks @delaney_jade for coming with me last night because it's ghetto and no one else could of handled it! #Summer2014
0.0,@eanahS__ nips
0.0,#Yankees #FireCashman I don't want Arod back.
0.0,My sister told me that I look like a bird. While my past told me that I look like an alien.
0.0,"&#8220;@WORSTRAPLYRlCS: http://t.co/hE19TIfqFX&#8221;

How is this trash..."
0.0,RT @SwaggVerified_: @TyJust_DoIt @Satisfied_x @Doit_LikeTre @_roeee but cant nobody at yall pep rally out jigg me
0.0,@fairflattaxnow @Morning_Joe @JoeNBC hey #teabagger the law made it a FELONY to keep and collect the records. Get your facts straight
0.0,@monkbent What's with that come-at-me-bro bird? Stressful.
1.0,"&#8220;@TheDukeKnight: Typical hoe costumes:
1. Cat
2. Nurse
3. Bunny
4. Police officer
5. Themselves&#8221;&#128129;"
0.0,"@MattLaCasse His do not, until playoffs. But luckily, this means that any future kid will definitely root for the Yanks. #priorities"
1.0,@Caliqueeen14 you da realest bitch out here Amber
0.0,"#porn,#android,#iphone,#ipad,#sex,#xxx, | #Desi | paki http://t.co/XxcdQvzI9t"
0.0,.@nathirhussein Al Qaeda's market share is dropping faster than Viacom &amp; Enron in the Jihadi stock market
0.0,@Billythathird @matt_sliwinski copy my tweet again you ginzo
0.0,Thursdays really been trash this season @nfl
1.0,"""@__Sugga: There's a lane some bitches need to stay in &#128526;"" the left n get right the fuck outta our face &#128557;&#128129;&#128536;"
0.0,"@kayt27 poor coon.......snow stopped here,now if the wind would it might be nice out,well for winter"
0.0,They have a clumsy bird too lol what is life
0.0,&#8220;@sportspickle: The fruit of the modern Yankees farm system. http://t.co/LfWC3LSRjO&#8221; Joba the Nut.
0.0,"RT @KyleKallgren: You know how in superhero stories the best insult for superheroes dumb mooks can come up with is ""do-gooder?"" #whiteknight"
1.0,"@BlackManUSA You're killin' me man! &lt;3 Not all conservatives are racists, just like not all NBP hate honkies."
1.0,@Issa_GOLD my fuckin back still hurts but it was worth it. And I'm still mad about the hoe incident. Haha. http://t.co/eAnDLKSbpM
0.0,"RT @FilmFatale_NYC: Wow, he basically just told his daughter ""I want some mocha colored grandbabies!"" #HTGAWM"
0.0,RT @Pointdexter: Charlie Sheen gets it http://t.co/DKk6YjTJfU
0.0,Can't be many things worse than having COPS interrupted because a friggin Yankee game is still going on.
0.0,One of @Mark_Schlabach best looks too. RT @McMurphyESPN: Charlie Weis couple months ago hanging w/Nelly http://t.co/yWvVg51z6w
0.0,RT @ZitlalyL: It's okay chiquito &#128514; I'm not in the ghetto anymore &#128524;
1.0,@Alan_Casillas bitches or wat
1.0,"@JusDahl gross, ill stick with my galaxy, it will still receive those nips"
0.0,RT @danwashburn: The Man Who Captured Muammar Gaddafi Was Wearing A Yankees Cap: http://t.co/7G70pOpW
1.0,"Getting hit off a cunt thats about 6 foot sideways and a cunt that was in the army lol, i dini care, yous are fuckin laughable"
1.0,@JustDoItSlow on sale ass hoes
0.0,"GUYS, I just walked into an office, and the secretary has a bird. Looks like I may just find out for myself. http://t.co/T9U4VGWJWv"
0.0,"Parodies of Jihadi songs - more effective than asinine ""Muslims should condemn"" http://t.co/M6cNV3YsmV #HumorIsAWeapon"
1.0,#illNeverUnderstandWhy anyone from Jersey Shore is famous. I should go be a guido shitbag if it means money for my family.
0.0,"RT @KenDavidoff: The #Cardinals are #MLB's gold standard, and there isn't even a close silver. #Dodgers #Giants #Tigers #Yankees http://t.c&#8230;"
0.0,Bags Bags that's that bag money trash bag black and it's filled up with money
1.0,@BrendaGisselCA I'm not Mexican enough for the real beaners yet too Mexican for the Americanized beaners :(
0.0,RT @dallywaggz12: &#8220;@JustReIatabIe: Charlie Sheen gets point for this http://t.co/V6v0d77oBM&#8221;
0.0,@goldnsilvercoin the worst terrorists are republican teabaggers...
1.0,"@GenuinelyOT lol, that pussy got rich niggas losing their minds too. Got Drizzy &amp; Breezy beef'd out, that puss is the devil's playground."
1.0,"""@kayreneeee_: Fuck wit us and then we tweakin hoe"" shmurda!"
1.0,@AyMrCarter niggas be on pussy shit
0.0,&#9733;@&#9733;@&#9733;@&#9733;@&#9733; GRAND OPENING ! &#9733;@&#9733;@&#9733;@&#9733;@&#9733; TOP CLASS &#9733; Oriental Massage &#9733; PERFECT !&#9733;/ http://t.co/ydZYr4dVS4
1.0,"@Chris_Anzueto @Josh_Mackey15 you call someone a faggot and then say to kill themselves, you are a pathetic human being. A fucking disgrace."
0.0,International law enforcement operation disrupts Shylock banking malware - PCWorld: International law enforcem... http://t.co/XiZRs7ATWL
0.0,Ayo I jus had a mini heart attack behind the wheel..north Philly n fire crackers don't mix&#128553;&#128553;&#128514;&#128514; I&#8230; http://t.co/o5v2E4LFtm
1.0,&#8220;@___Tamm: @VoiceOfDStreetz cuz you a hoe lol&#8221; cuz you went on your lil rant on me man!
1.0,@maggie_burdis @nickgoldapp lmao dude you are probably the biggest fag in nebraska &#128514;&#128514;&#128514;&#128514;&#128514;
0.0,@EmmaLouisaSuttl Hit the clam chowder.Thanks for the wishes and the card
0.0,"Daniel, there's no cow tipping and hoe downs in Jackson... This city living lol"
0.0,"Cheez-Its, Honey BBQ Lays, Oreos and a monstrous glass of 2% right now. I'm the skinny-fat poster boy."
1.0,&#8220;@MikeDiggEm: @_KudaBrazyy who the old bitch??!!&#8221; *hoe
0.0,Gary's girl was a tranny. RT @Em_99car: I wonder what would have become of @rickspringfield if he'd written 'Gary's Girl'.
0.0,Twitter is trash
0.0,You're black? Your name looks Hungarian. You marry a Hunky? @JulieSczesny @ChrisLoesch
1.0,&#8220;@RylannWilliams: @Woodchuck20 @ravenkiann Hahahaha do it bitch! Make her fall in love &#10084;&#10084;&#10084;&#10084;&#10084;&#10084;&#10084;&#8221; should I? &#128514;
1.0,&#8220;@Son_Goku_Tho: Dr gero made android 18 to destroy da world das sum bitch nigga shit I would program a girl android to gimme sum neck 24/7&#8221;
1.0,&#8220;@LopezWhs: You little stupid ass bitch i ain't fuckin with you &#127925;&#8221;
0.0,RT @A_single_bear: How would I look if I had feathers instead of fur? Would I be able to eat from a bird feeder without getting judging gla&#8230;
0.0,RT @renegadecut: Video: Renegade Cut: Snowpiercer &#8212; An analysis of Bong Joon-ho&#8217;s sci-fi action film. Topics include... http://t.co/YNT9zS0&#8230;
1.0,"""@_rapdreams: bitches hold they nigga down when he get locked up... but if a nigga go to college or the military it's a different story. &#128564;"""
1.0,"""@LUNAraps: shut yo bitch ass up! https://t.co/IemN1u0gm5"" &#128557;&#128514;"
1.0,"It's time to mock ""Halftime in America."" How 'bout ""Wake up America,"" we have radical leftists running the country. http://t.co/9Eyi0K8w"
1.0,&#128514;&#128514;&#128514; played that nigga smh &#8220;@sexualgifss: bitches are so shady... oh my god &#128514;&#128514; http://t.co/1VhC9LqsKg&#8221;
1.0,"&#8220;@garcialaura_: @Virgilio_LLA I was heartbroken tx inniz ho. Lmao&#8221; haha naw chill, you the one laughing at vdawg"
1.0,"""Nah its You @NoMeek_JustMilz: &#128514;&#128514;&#128514;&#128514; yo i thought some1 photoshopped my face on that faggot smmfh...i hate yall"" http://t.co/5e2fkQ3Q2T"
0.0,@Buckm00se @LEXXX_RUGER @ivanrabago_ the kikes want to charge you &#128175; dollaz for the complete version http://t.co/ZJDLwiAjEo
1.0,@Fapplebee dude tell me why that's so true my mom has this friends from Texas trying to hype redskin football and shit
1.0,@10HSW @myluca01 @DenisGorman nothing like waiting till the last game of the season to peddle it shit website #heeb
0.0,I live for two-bite brownies
1.0,&#8220;@LayaFace: We out! Brooklyn bound wit this money. Feelin like Yung Jeezy in this bitch! &#128299;&#128299; http://t.co/TOq4bFWnzG&#8221; LMAOOOO
0.0,"RT @Mikey_Hands: Yankees offseason plan: Sign Sandoval, move A-Rod to first base, shoot Teixeira and throw his corpse in the East River. #Y&#8230;"
0.0,Stafford trash without Megatron #fantasyfootballproblems
0.0,RT @antglizzygg: Ain't Talk 2 My Mova N A Week First Thing She Say Is Where Shy An Benny &#128514;
0.0,@c00ntact @KevinI bumcia is trash smfh I would've thought he would have gone after Khan but what you said makes sense
0.0,#redneck tow truck. #johndeere #4455 #america https://t.co/iFInqwVRad
1.0,"""@demi_eggleton: oh my god I love Victoria Mitchell"" all my bitches love me"
0.0,".@Straatvogels [street birds]: Homeless People Twittering in Amsterdam http://t.co/WruoCdVkJt via @HuffPostImpact
&#8853;http://t.co/DJgs6rGdfV"
0.0,That 'Ouija' movie look like trash
1.0,&#8220;@souljaboy: @kmichelle my ananconda don't want none unless u clean those shitty buns Hun &#128169;&#128553;&#8221;
0.0,RT @A_single_bear: I accidentally ate a few fireflies last night while chewing some leaves I found. The shameful yellow glow of my mouth wa&#8230;
1.0,' This niggah pharrell or whatever this niggah name is don't deserve shit for that white ass gay song .
1.0,"""@obey_jrock__: This is a true ride or die bitch &#128175; http://t.co/bkwHX83fkW"" what the fuck hahahahah"
0.0,"WEBBERS! RT @DMILZ4: Sz13 vnds restorers dream, cracked midsole, sole separation, and fogged bubbles. 150 http://t.co/yC81VG2kg1"
1.0,"@Misplaced_Momma 
Y&#8217;all whitey gots to PAY fo da preparations"
0.0,"@NoShtickZone Charlie Brown
A Christmas Story
Rudolph, but only because of the island of misfit toys."
1.0,"&#8220;@true_east_: That &#8220;6 God&#8221; by Drake is so trash, dawg.&#8221; Thank you ass water !!!&#128686;&#128686;&#128686;&#128686;"
1.0,Every slant in #LosAngeles should be deported. Those scum have no right to be here. Chinatown should be bulldozed.
1.0,"""@gurl_Im_Angie: @ItsKiaraaaa @WestYourMajesty I'm not even shy stfu"" kikis mom: Hi angelique 
Angelique: Smiles *Dips cracker in soup*"
1.0,"""I got a sister, she told me stop calling women bitches.."""
1.0,@Huntermoore finger my pussy slowly with circular motion
0.0,@Evan_P_Grant I can only hope Charlie Strong. #UTcoach
1.0,"@leighvl Niggas probably be watching me like ""Look at this Uncle Tom ass Rasta"""
0.0,Best behaved kids ever at mommy's commercial audition. Oreo McFlurries for everybody! #proudmom&#8230; http://t.co/9HFNSmaLcU
0.0,Inbed eating left over poppadom. #livinthedream
0.0,"I would went in on that ref hell, with a post game interview saying he called me sad and trash."
0.0,#stateoftheunion would last 15mins if they let the President talk all that standing up clapping is for the birds
1.0,&#8220;@Emoney25_: @West305 @_ImJustDede Ima whoop this boy!&#8221; It's nothing you bean head ass bitch
0.0,RT @vinehumor: Flappy bird is taking over my life. I can hear the bird crashing every time something goes wrong. https://t.co/kuLDr4mabp
1.0,@HughSpliffner hurt hoes be like
0.0,#iubb #1 suiting up again tonight! #Indiana #IU #ncaa #hoosierdaddy #HoosierNation #hoosiers
0.0,Kill la kill was trash
0.0,"RT @DamierGenesis: i live for street glory and I die for ghetto fame. respect all, fear none my pride is everything...."
1.0,People who play #roleplayinggames are human filth and don't deserve the same respect you'd give a mosquito. They're soulless gutter trash.
0.0,New @TimbersFC jersey should be yellow with a green chevron stripe like charlie brown's jersey
0.0,"&#8220;@King_SM If Howard elbow bosh, will bosh fight back?&#8221; don't have to got mcbob bird and UD"
0.0,"Not ya grandma brownies, wink wink http://t.co/pZPI8RUQ4F"
1.0,&#8220;@Moneyhighpapi: When you fuck her GOOD she trip even more&#8221; good dick makes a bitch go crazy
1.0,&#8220;@Fly_Air_Walker: Everybody entitled to they own opinion tho.&#8221; Not that bitch she need to shut up &amp; sit the fuck down
0.0,A shockingly true tale from the Oreo that almost got devoured. http://t.co/WYIS0LVdsi
0.0,Sierra almost got caught with the ole hick &#128514;&#128514;&#128514;
0.0,Too much makeup so trash..
0.0,RT @__matt29: Larry bird 38 &#128514;
1.0,@bitchkrieg like the new AVI. My Twitter is retarded and shows you in the cubs hat but when I stalk your profile it show the new one
1.0,"@ASipOf_Mocha Dr. Phil, I'm having trouble figuring out what my fat ass wants to eat, where are the drinks and the bitches?"
0.0,@true_east_ trash what? http://t.co/IUdvnQCkB4
1.0,"@LobstrThinkTank Yeah! Me too. My people, the women, laff at the set apart men... they love the real niggas or niggers."
1.0,&#8220;@H8UHOES: Lmao lexy such a hoe &#128514;&#8221; lmfaooo
1.0,"&#8220;@CiscoAllDay: If Miley really got knocked up by Juicy J that shit is wild.... &#128563;&#8221; didn't he say ""u say no to ratchet pussy Juicy J can't"""
1.0,"""U got my 200K bitch nigga""--Al Haymon to Antonio Tarver"
1.0,"""@NewsomeJade: I ain't never seen a bitch so obsessed with they nigga&#128514;"" I'm obsessed with mine &#128529;"
0.0,"@nytimes seems if they dont come up with it, its trash, nobody outside hollywood knows what ppl will pay to see..ha! Guess those in hw dont"
1.0,@CayMarieee bitch I'm not coming no more you said your making plans !
1.0,@CinWicked Did you just call My Sweet Baboo a ho?!?!
1.0,*makes a wise argument about the accelerated Warholian notion of celebrity in the era of Vine* *passing teens mock my old wrinkled balls*
0.0,RT @JustReIatabIe: when you die on flappy bird &#128514; http://t.co/Pu7uqxJFMc
1.0,"@JayKollsKSTP please tell those fuming cops that they are a bunch of coward little bitches, and should not be allowed near weapons. Thanks."
1.0,"&#8220;@Taggs0967: @NigelDixon1 @CALiboy4 Nigel, you don't think he knows what he did was dumb? How smart are you?&#8221; Shut your bitch ass up"
1.0,@J_Dun54 oh you little bitch you. You tryna hit the fair tho today or sometime this week? Shit might be fun drunk
1.0,"""How u talking to hoes bout bro n em.. Why you talking to hoes bout bro n em"""
1.0,@BobbyBotsods @FuckTheMallcops @UncleUnco @MrMooncricket fuck off bitch.
0.0,RT @FaZeSpaceLy: How bad u want something is meaningless If how bad you're willing to work for the thing u want Isn't 10xs as intense as ho&#8230;
1.0,"' Club solo 1 deep , fuck a valet cause I parked on the street , lordddd knows &#1041243; You can't trust these hoes ,... http://t.co/WcD3V5sej2"
0.0,Republicans aren't the only racist in America. We have racist Democrats too. But don't play the token negro card... http://t.co/FT5c4yhraG
1.0,&#8220;@cb_marie: Fuck them texts! &#128526; it's a movement. Lmaooo &#8220;@koleworld4: courts texting rubbed off on me &#128514;&#8221;&#8221;she used to be bitch bout it tho &#128553;
0.0,I can't play flappy bird. It makes me angry.
1.0,"' Don't ask me if I'm in my "" Feelings "" cause I ain't no bitch I don't got those Tf . I'm sad , not in no fucking feelings ."
0.0,@sisternoles Fingers crossed for you. If not? Chug chug chug lol
1.0,My neighbors be sick when i wake um up to all this nigger music ctfu
0.0,@Boner4Tuna @TCC_Grouchy @Mrs__Met @Vortmax29 @LLMajer @dmb1031 @APLMom @Frogtox @KishkaAndPipiks I've had shots go off where yellow smoke
0.0,"Only Blood Can Satisfy The Hungry Flames Of R&#8217;hollor, Charlie Brown"
1.0,@0ddment I could fuck a bowl of graham cracker cereal
1.0,"&#8220;@iamkrause: No need to thank me, killing niggers is it's own reward.&#8221; 

Dis my pal from our graduation when we was 26"
1.0,@JalenDGAF @CourtniClark &#128308;&#9899;&#65039;&#128308;&#9899;&#65039;&#128308;&#9899;&#65039; no pressure hoe
0.0,"""@nohands_24: ""@20ToLife_: ""@nohands_24: ""@DejaaLeeann_: @B_Coleman2 swears I'm #1 man"" easily"" easily"" behind Austin"" nip?"
1.0,"#anywere &#8220;@TheCooleyShow: LA = palm trees and great weather 
Any were else = horrible weather and no bitches&#8221;"
1.0,"&#8220;@RevDennisMiller: True nothing shuts up libdog bitches who like to bark at anything @Punt_Cuncher&#8221;
THAT'S CALLED...PREACHING THE TRUTH!"
0.0,"RT @Matty_Kem: My favorite shark is megaldon, my least favorite is a mud shark. They are the worst"
0.0,I love jigg jigg&#128514;
0.0,&#9733; BEST ASIAN MASSAGE ON THE Brooklyn Park slope --TOP RATED SPA &#9733;718-622-0221 - 24 http://t.co/6ZUxaQeaVL
0.0,Someone probably told him 6 God was trash.
1.0,I forgot how white trash Texarkana was... Well it is arkansas so.... &#128514;
1.0,"""@CarelessOne92: Leafs better win this damn game so I can go riot and shit #EarlyChristmas"" you better start looting my nig"
0.0,RT @CHlLDHOODRUINER: taking out the trash at night http://t.co/UhXTOgP4jZ
1.0,"@Jaytwofly huh, lol mad nigger is mad"
1.0,@CsSalazar15 yeah right pussy !
1.0,@JRise88 @LongLiveTylerD your a fag
0.0,The John Cantlie video issued by Al Furqan media is a new level of the Jihadi propaganda: promises more episodes &amp; wages ideological warfare
1.0,Every spic cop should be killed. Those pigs only got their job to 'get even' but white people never did anything to them.
0.0,@Kummar_King I volunteer to be guinea pig and help test it out &#128527;&#128587;
0.0,This car has two registration tags. Both yellow. One for 2014 &amp; one for 2005. Wth http://t.co/mdeD4a2soY
1.0,@David_Hunninck all bitches eh. hahah
0.0,Fine chicks lap dances always trash
1.0,@JonnVercetti true but then again I'm my opinion a hoe is someone who goes and sleeps with everybody
1.0,@CSalazar_04 press start bitch &#128529;
1.0,"@valonfox13 not no but hell no, when blk. stop sayin nigger I will, what they can have I can have. this is america"
1.0,"""@Sylvieamx: #Pisces will never be anybody's bitch, they don't let people control or change them."" Rigghhht"
0.0,I have really light colored eyebrows naturally and it's not ok
0.0,RT @Kyle_Lippert: If you buy tickets for Transformers 3D they just lock you in an aluminum trash can and toss you from an overpass into rus&#8230;
1.0,&#8220;@OhThatsLee Uhoh you got the hoes lol RT @verbally_abrupt: Y'all I found this letter on my car. http://t.co/lu58HimXxS&#8221; Naaah
0.0,@MissYankee @Sportsteamnews Looking at the Royals and wondering what could have been if we didn't decimate the Yankee farm system.
0.0,@M_A_Larson @SteveStreza You're saying zebras are goth?
0.0,"RT @BaseballFact: At George Steinbrenner's first Yankees news conference, he said he wouldn't interfere in baseball decisions, promising ..."
1.0,&#8220;@WhatTheFFacts: An orangutan once tried to have sex with actress Julia Roberts.&#8221;Smart monkey&#128514;
1.0,@ArtbyLecardin @Deeiiggee @Amy0813Amy &#128529; and on that note I'm out dis bitch
0.0,"1) RT @naeluckyass: @ILoveBigTracy @Therealalonig no I'm not crossed eyed, I'm albino. Can't control that"
0.0,"RT @PolitiBunny: #YesWeDid attack, harass, threaten, mock and bully any woman or minority who dared not fall in line with our progressive a&#8230;"
1.0,"@J_Kwest No, Cpt Commando is a hoe and a cocksucker"
0.0,"My manager @7FLyy new brand | PRE - ORDER NOW w/
 (404) 394-1570&#160;&#160;--&gt; @sevenflyy ""Red Lust"" &amp; ""Cherry White"" beanies http://t.co/LxjMBCTgJj"
1.0,"""@KingHendo95: @VonDreaam naw it's my old tape. new cover . my upcoming mixtape is #KingOfTheHill"" Yeah I'm waiting on that hoe Mayne!"
1.0,@ITS_MAKEPEACE i donno who demz iz? But ima bout to get white gurll ghetto on there asses when i find out....
1.0,"@drboycewatkins1 Coons and monkeys like you disgust me, you minstrel show negro. Crying about shit all the time you're a disgrace everywhere"
1.0,@DaniellaParella no I wuz just making a general statement. I've never called u a bitch
1.0,@michaeldbirch What else do you expect from that nigger lover?
1.0,&#8220;@PostBadBitches: http://t.co/rPo0QUumBm&#8221; how young is this hoe with a m&amp;m pillow
1.0,@CarelessOne92 you styl gotta get dem tweets off my nig
0.0,"I went to see This is Where I Leave You, at a movie theater with tables and real food! It was fun. I ordered a brownie dessert. :P"
0.0,@syd_renae okay cool then I'm not the only one &#128520; mine is black and fuzzy and it has PINK on the back in all sparkles &#128081; hallelujah
1.0,"""oh ya these hoes think they cute in skin tight cat suits assuming that they bodies to boomin to dispute"""
1.0,&#128557; RT @That_Mclovin: &#8220;Yass bitch Yass &#128128;&#128128; @VikkiNoSecrets: Too soon? &#128514;&#8221;
0.0,"Foley Abduction Linked to British Jihadi Kidnapping Ring http://t.co/X6SIP3woXb via @joshrogin, @elilake"
1.0,@FukknTyler u a bitch in niggas clothing shut yo ass up &#128514;&#128514;&#128514;&#128514;&#128514;
0.0,@BarackObama Biden was a winner last night? Yea right like Charlie Sheen Really was a a winner too.... #winning lol
0.0,"""Bae"" sounds like such a ghetto word. Use something else"
1.0,@Jbrendaro30 @ZGabrail @ramsin1995 @GabeEli8 @Jacob2times bitch ass nigggaaa
0.0,"@phalaenadispar 
How day feel bout colored folk?"
0.0,&#128075; hi-ho http://t.co/FiC4FnRutZ
1.0,"' You niggahs actin like hoes , I can sale those ! &#1041204;&#1041204;&#1041636;"
1.0,&#8220;@BEARly_sober Hoes really do b birds man &#128557;&#8221;this new to you?
0.0,RT @WORIDSTARHlPHOP: This talking eggplant skurred af https://t.co/KDwoApyvD0
0.0,"RT @CoIlegefessions: ""My roommate is having sex and I'm eating Oreos. It's gonna be a great year!"" - Kutztown University"
0.0,I can't take you serious if you wear colored contacts.
0.0,RT @Matt_Simonson: Oomfs teeth are quite yellow&#128514;&#128128;&#128128; @WBDyllon_
0.0,"He never replied to my asking about his calling me a ""redneck"" @gigg423 @psherm07 @EchoesErrant @jstines3"
0.0,"@secretasianman @kitt Yeah, she's a real pom maven."
1.0,"@StanleyStinks Shame of you! Self-hating kike. 
We Jews are G-d's chosen people."
0.0,"'Eff it, let's go after the cripple&#8217;: You have to see Wendy Davis' new attack ad [video] http://t.co/WapBCHhuru"
0.0,"Just killed 3 birds with 1 stone! Thank God I payed attention in my communication classes
#work"
0.0,RT @FreddyAmazin: How can anyone hate Charlie Sheen http://t.co/NiEJirYg7u
0.0,RT @MahoganyLOX: vintage mickey &#127800; http://t.co/03otPzXCbI
1.0,"""SORRY JB FAN&#65292;REALLY JUSTIN COME BACK"". That is the top comment on a Justin Timberlake video with 10 million views. Son of a fucking bitch!"
0.0,"Sitting on the deck, enjoying a #StoneIPA, watching/smelling the neighbors burn trash. #Missouri http://t.co/m9wYnrLtWz"
1.0,@ActuarialReport We've tried. Each time we go he just sits there in silence and I cry like a bitch and sweat.
1.0,(looks over at oomf) RT @shethepete Does pretending to have no bitches really work or nah?
0.0,@yooperslayer better off banning teabaggers and their anti American supporters
1.0,&#8220;@tricethatruth_: Trap keep me fly that's why I love him &#10084; http://t.co/AleXGC24t4&#8221; ayyyyy you got that hoe at Forever 21 huh? &#128526;
0.0,Now I'm listening to lil spook getting the good kinda sad Imma be single this fall I know you'll getting annoyed with me on your TL but aye
1.0,@AustinBurge44 pussy ass schedule
0.0,@xiibyte just watched your video good stuff thought I'd let you in on the new boss boon says old character but will be surprise. It's Argus
0.0,I love wearing fuzzy socks to work
1.0,@Frankiee_559 dont be a bitch man up lol :)
1.0,&#127942; RT @UBoyRock17: Every bitch n my passenger seat I dun fucked at least one time
1.0,@DavetheBrave1 come over hoe
1.0,@2trippymcneely if it's trash I'm kickin yo ass
0.0,RT @Erv_Gulfwings14: I think Zlatan even has Class in the way he talks trash
0.0,RT @Elisaa_Martinez: Happy birthday cotton picker lol @1NOnlyDirtyMike
1.0,&#8220;@CelebovickOTF: I hate a bitch that like to argue n shyt....:-)&#8221;
0.0,&#8220;@wassssupsarah: Car hopping is a different world these ghetto guys tried asking for my number LOL&#8221; did they have to be ghetto Tho ?
0.0,RT @ripienaar: Fox News presenters mock female pilot who took part in campaign against Isis #wtf http://t.co/MLKY9ZSen2
1.0,@AllEyesOnKIE &#128514;&#128514;&#128514; real rap fucked that bitch lay up for the day that's really disrespectful like bitch u couldn't feel the throw up coming&#128530;
0.0,"@RonnieMack12 dawg, you so trash your momma got charged with littering when she dropped you off for school"
1.0,*Teachers call you a pussy for not doing senior skip day*
0.0,RT @RTGIFS: DOMINIQUE Made Larry bird do a 360 lmaooo http://t.co/Vs6e3Z0C2u
1.0,&#8220;@jama_jam I'm not saying I'm for this but .. Studs will fuck trannys but won't let they bitch strap them down you muhfuckas childish lol&#8221;
1.0,@kingxxlopez Roberts is a fuckin fag&#128514; smack the shit outta him
0.0,@TheShoeBible @Steamed_Greens Them hoes are clean!
1.0,&#8220;@robbyohn: The Kimberley story is by far the scariest story I've ever heard! &#128513;&#8221; pussy
1.0,"@GuTsSidious Yeah, so quit being a bitch and edit."
1.0,"""@likemicah: Y'all dumb ass niggas be so pressed to have hoes. Y'all weak as fuck as fuck"" ...weed over hoes, oreos too."
1.0,@Brenddan_ they said some bullshit. Damn niggers
0.0,It be so good to not gotta woyke in da moanin. I da only colored dat woyke cuz colored folk be lazy and lives off da white guilt
0.0,Doug Martin trash
1.0,@Lovelesslovely @Kwitchabichen25 hey aklve! Im taking out the black ghetto trash. Youre blocked nigger
0.0,"RT @RobertCDick: Protest climate change, leaves trash behind. #VotingMatters"
0.0,RT @JuanNDaCut: When twitter rappers dm me their trash links http://t.co/yck16ZiNZZ
1.0,@ChrisHeben you motherfuckin' bullshit slingin' son of a whore! you disgraced all vets with ur crap. now go off to pussy land where u belong
0.0,&#8220;@JayGorgeous: i need more beanies&#8221;just ordered two true religion ones lol
1.0,"""@TheoMaxximus: Chrus still supahot tho"" *walks up to teacher with test, drops test in that bitch fohead* http://t.co/nb5VgdssgI"
0.0,@longbongchris mk Hun just textith me
0.0,"@jessespector the bird has a hat. So it's hats on hats, who can beat that?"
0.0,"Let's play ""What will the ghetto white girl with neck tattoos in front of me buy.""
If you answered Cigarillo's...you've seen this episode b4"
1.0,Gay ass nigga &#128514;&#128514; bitch you thought you thought
1.0,' Fuck her right in the pussy &#1041204;&#1041204;&#1041204;&#1041204;
0.0,"@petehelm yeah, but Sting was already a proven draw. this is apples and oranges. he signs people with the sole purpose of burying them."
1.0,"RT @AnthonyBialy: Well, Maryland is just a bunch of hateful rednecks, anyway."
0.0,RT @FunnyJokeBook: I hope I made these pot brownies right http://t.co/iDDDHPPjiu
0.0,@BrenJJGMom @hweldon Well...how about those Yankees this year? What a run. #wtfiswrongwithnebraska
1.0,@Huntermoore nigger!!
1.0,"&#8220;@slllick_: Y'all be like.. "" I want a love like Rashad &amp; New New""... Shit y'all already got one. Lying about who you are ass hoes lmao&#8221; &#128514;&#128514;"
0.0,RT @TheOrlandoJones: Funny how people who take their fantasy sports leagues very seriously are celebrated while those who play D&amp;D are mock&#8230;
1.0,"#DegenerateArtist Ain't fuckin' AROUND with #Allahs #retard #crest&gt; I GOT BLESSED by Jesus and you are NOT NEXT, you fake ass TEXT&gt;"
